Wavenumber [cm-1],% Transmittance
4000,98.961
3999,98.961
3998,98.961
3997,98.96
3996,98.96
3995,98.959
3994,98.959
3993,98.959
3992,98.96
3991,98.962
3990,98.962
3989,98.963
3988,98.962
3987,98.962
3986,98.961
3985,98.961
3984,98.961
3983,98.96
3982,98.96
3981,98.96
3980,98.96
3979,98.96
3978,98.959
3977,98.957
3976,98.956
3975,98.954
3974,98.953
3973,98.953
3972,98.953
3971,98.953
3970,98.954
3969,98.954
3968,98.955
3967,98.955
3966,98.954
3965,98.954
3964,98.953
3963,98.952
3962,98.952
3961,98.952
3960,98.951
3959,98.95
3958,98.949
3957,98.949
3956,98.947
3955,98.945
3954,98.943
3953,98.941
3952,98.939
3951,98.94
3950,98.942
3949,98.945
3948,98.948
3947,98.948
3946,98.945
3945,98.941
3944,98.938
3943,98.939
3942,98.94
3941,98.94
3940,98.94
3939,98.94
3938,98.943
3937,98.945
3936,98.946
3935,98.946
3934,98.945
3933,98.943
3932,98.939
3931,98.935
3930,98.931
3929,98.927
3928,98.923
3927,98.92
3926,98.919
3925,98.922
3924,98.925
3923,98.928
3922,98.932
3921,98.936
3920,98.94
3919,98.941
3918,98.94
3917,98.938
3916,98.936
3915,98.932
3914,98.928
3913,98.926
3912,98.925
3911,98.926
3910,98.927
3909,98.928
3908,98.927
3907,98.926
3906,98.928
3905,98.935
3904,98.944
3903,98.948
3902,98.944
3901,98.935
3900,98.929
3899,98.926
3898,98.924
3897,98.921
3896,98.919
3895,98.917
3894,98.914
3893,98.912
3892,98.915
3891,98.925
3890,98.933
3889,98.932
3888,98.925
3887,98.922
3886,98.926
3885,98.926
3884,98.918
3883,98.905
3882,98.898
3881,98.901
3880,98.91
3879,98.914
3878,98.911
3877,98.903
3876,98.9
3875,98.906
3874,98.912
3873,98.91
3872,98.904
3871,98.907
3870,98.918
3869,98.924
3868,98.918
3867,98.906
3866,98.902
3865,98.907
3864,98.909
3863,98.906
3862,98.904
3861,98.907
3860,98.914
3859,98.925
3858,98.934
3857,98.932
3856,98.919
3855,98.913
3854,98.925
3853,98.935
3852,98.931
3851,98.917
3850,98.904
3849,98.899
3848,98.898
3847,98.896
3846,98.893
3845,98.89
3844,98.889
3843,98.889
3842,98.891
3841,98.891
3840,98.889
3839,98.886
3838,98.884
3837,98.884
3836,98.883
3835,98.878
3834,98.875
3833,98.875
3832,98.878
3831,98.88
3830,98.878
3829,98.872
3828,98.868
3827,98.871
3826,98.878
3825,98.879
3824,98.871
3823,98.865
3822,98.871
3821,98.879
3820,98.883
3819,98.877
3818,98.869
3817,98.871
3816,98.88
3815,98.883
3814,98.877
3813,98.87
3812,98.871
3811,98.878
3810,98.88
3809,98.876
3808,98.877
3807,98.885
3806,98.893
3805,98.889
3804,98.875
3803,98.866
3802,98.865
3801,98.863
3800,98.858
3799,98.849
3798,98.845
3797,98.849
3796,98.855
3795,98.857
3794,98.854
3793,98.852
3792,98.85
3791,98.849
3790,98.846
3789,98.842
3788,98.84
3787,98.838
3786,98.837
3785,98.838
3784,98.839
3783,98.837
3782,98.835
3781,98.834
3780,98.836
3779,98.837
3778,98.837
3777,98.835
3776,98.836
3775,98.842
3774,98.847
3773,98.847
3772,98.844
3771,98.844
3770,98.846
3769,98.845
3768,98.839
3767,98.835
3766,98.836
3765,98.84
3764,98.84
3763,98.835
3762,98.831
3761,98.832
3760,98.833
3759,98.834
3758,98.839
3757,98.848
3756,98.856
3755,98.861
3754,98.87
3753,98.887
3752,98.9
3751,98.905
3750,98.91
3749,98.919
3748,98.919
3747,98.906
3746,98.904
3745,98.925
3744,98.943
3743,98.939
3742,98.924
3741,98.918
3740,98.928
3739,98.947
3738,98.966
3737,98.975
3736,98.956
3735,98.907
3734,98.862
3733,98.855
3732,98.883
3731,98.924
3730,98.958
3729,98.982
3728,98.996
3727,98.998
3726,98.987
3725,98.966
3724,98.944
3723,98.924
3722,98.905
3721,98.887
3720,98.87
3719,98.858
3718,98.855
3717,98.857
3716,98.861
3715,98.868
3714,98.893
3713,98.934
3712,98.97
3711,98.98
3710,98.966
3709,98.94
3708,98.916
3707,98.9
3706,98.89
3705,98.876
3704,98.854
3703,98.834
3702,98.827
3701,98.835
3700,98.847
3699,98.857
3698,98.862
3697,98.867
3696,98.872
3695,98.879
3694,98.884
3693,98.877
3692,98.848
3691,98.798
3690,98.759
3689,98.758
3688,98.784
3687,98.811
3686,98.822
3685,98.822
3684,98.82
3683,98.822
3682,98.824
3681,98.827
3680,98.83
3679,98.829
3678,98.818
3677,98.807
3676,98.802
3675,98.801
3674,98.797
3673,98.785
3672,98.773
3671,98.773
3670,98.776
3669,98.774
3668,98.766
3667,98.758
3666,98.753
3665,98.751
3664,98.75
3663,98.749
3662,98.751
3661,98.755
3660,98.758
3659,98.759
3658,98.759
3657,98.763
3656,98.769
3655,98.773
3654,98.771
3653,98.767
3652,98.772
3651,98.781
3650,98.782
3649,98.773
3648,98.767
3647,98.764
3646,98.764
3645,98.764
3644,98.766
3643,98.771
3642,98.777
3641,98.781
3640,98.784
3639,98.789
3638,98.795
3637,98.803
3636,98.816
3635,98.834
3634,98.852
3633,98.859
3632,98.857
3631,98.858
3630,98.869
3629,98.876
3628,98.866
3627,98.847
3626,98.825
3625,98.806
3624,98.784
3623,98.748
3622,98.699
3621,98.656
3620,98.645
3619,98.67
3618,98.706
3617,98.73
3616,98.737
3615,98.737
3614,98.743
3613,98.757
3612,98.771
3611,98.786
3610,98.803
3609,98.814
3608,98.811
3607,98.793
3606,98.772
3605,98.755
3604,98.748
3603,98.747
3602,98.747
3601,98.743
3600,98.732
3599,98.722
3598,98.72
3597,98.727
3596,98.739
3595,98.748
3594,98.75
3593,98.744
3592,98.732
3591,98.715
3590,98.697
3589,98.684
3588,98.681
3587,98.683
3586,98.683
3585,98.678
3584,98.668
3583,98.657
3582,98.647
3581,98.636
3580,98.626
3579,98.617
3578,98.609
3577,98.602
3576,98.596
3575,98.59
3574,98.585
3573,98.582
3572,98.578
3571,98.571
3570,98.561
3569,98.549
3568,98.537
3567,98.526
3566,98.516
3565,98.508
3564,98.501
3563,98.495
3562,98.49
3561,98.484
3560,98.477
3559,98.469
3558,98.46
3557,98.451
3556,98.441
3555,98.433
3554,98.427
3553,98.422
3552,98.416
3551,98.41
3550,98.403
3549,98.397
3548,98.393
3547,98.392
3546,98.39
3545,98.385
3544,98.377
3543,98.366
3542,98.355
3541,98.344
3540,98.335
3539,98.329
3538,98.325
3537,98.321
3536,98.314
3535,98.306
3534,98.296
3533,98.287
3532,98.277
3531,98.268
3530,98.26
3529,98.255
3528,98.252
3527,98.253
3526,98.254
3525,98.253
3524,98.247
3523,98.235
3522,98.221
3521,98.207
3520,98.195
3519,98.188
3518,98.183
3517,98.181
3516,98.179
3515,98.174
3514,98.162
3513,98.141
3512,98.115
3511,98.093
3510,98.077
3509,98.068
3508,98.061
3507,98.06
3506,98.066
3505,98.077
3504,98.087
3503,98.085
3502,98.072
3501,98.057
3500,98.048
3499,98.045
3498,98.039
3497,98.026
3496,98.008
3495,97.988
3494,97.969
3493,97.95
3492,97.935
3491,97.929
3490,97.931
3489,97.939
3488,97.944
3487,97.938
3486,97.922
3485,97.903
3484,97.896
3483,97.91
3482,97.939
3481,97.964
3480,97.97
3479,97.956
3478,97.934
3477,97.917
3476,97.91
3475,97.913
3474,97.925
3473,97.949
3472,97.984
3471,98.026
3470,98.06
3469,98.076
3468,98.072
3467,98.053
3466,98.03
3465,98.011
3464,98.003
3463,98.009
3462,98.023
3461,98.033
3460,98.035
3459,98.03
3458,98.025
3457,98.022
3456,98.025
3455,98.032
3454,98.038
3453,98.043
3452,98.047
3451,98.052
3450,98.057
3449,98.063
3448,98.069
3447,98.074
3446,98.077
3445,98.078
3444,98.08
3443,98.085
3442,98.093
3441,98.106
3440,98.125
3439,98.147
3438,98.168
3437,98.179
3436,98.178
3435,98.168
3434,98.158
3433,98.151
3432,98.151
3431,98.152
3430,98.15
3429,98.141
3428,98.129
3427,98.119
3426,98.111
3425,98.106
3424,98.104
3423,98.107
3422,98.112
3421,98.116
3420,98.117
3419,98.118
3418,98.121
3417,98.128
3416,98.139
3415,98.152
3414,98.162
3413,98.167
3412,98.168
3411,98.169
3410,98.169
3409,98.165
3408,98.16
3407,98.156
3406,98.158
3405,98.168
3404,98.184
3403,98.202
3402,98.215
3401,98.217
3400,98.209
3399,98.197
3398,98.187
3397,98.182
3396,98.184
3395,98.191
3394,98.2
3393,98.206
3392,98.205
3391,98.198
3390,98.186
3389,98.175
3388,98.167
3387,98.162
3386,98.161
3385,98.16
3384,98.162
3383,98.166
3382,98.171
3381,98.174
3380,98.176
3379,98.177
3378,98.176
3377,98.174
3376,98.171
3375,98.17
3374,98.173
3373,98.18
3372,98.189
3371,98.199
3370,98.205
3369,98.206
3368,98.202
3367,98.192
3366,98.181
3365,98.172
3364,98.167
3363,98.167
3362,98.168
3361,98.167
3360,98.163
3359,98.158
3358,98.154
3357,98.153
3356,98.155
3355,98.159
3354,98.167
3353,98.174
3352,98.179
3351,98.179
3350,98.174
3349,98.166
3348,98.159
3347,98.157
3346,98.159
3345,98.163
3344,98.167
3343,98.17
3342,98.172
3341,98.175
3340,98.177
3339,98.177
3338,98.174
3337,98.166
3336,98.159
3335,98.154
3334,98.152
3333,98.151
3332,98.15
3331,98.151
3330,98.154
3329,98.16
3328,98.167
3327,98.173
3326,98.176
3325,98.173
3324,98.168
3323,98.163
3322,98.161
3321,98.159
3320,98.158
3319,98.158
3318,98.159
3317,98.159
3316,98.16
3315,98.162
3314,98.166
3313,98.172
3312,98.179
3311,98.189
3310,98.2
3309,98.209
3308,98.214
3307,98.216
3306,98.213
3305,98.206
3304,98.196
3303,98.186
3302,98.18
3301,98.177
3300,98.177
3299,98.181
3298,98.188
3297,98.195
3296,98.201
3295,98.205
3294,98.207
3293,98.206
3292,98.201
3291,98.194
3290,98.187
3289,98.183
3288,98.181
3287,98.181
3286,98.183
3285,98.183
3284,98.184
3283,98.185
3282,98.186
3281,98.187
3280,98.186
3279,98.188
3278,98.191
3277,98.196
3276,98.202
3275,98.209
3274,98.216
3273,98.223
3272,98.227
3271,98.226
3270,98.22
3269,98.21
3268,98.201
3267,98.196
3266,98.193
3265,98.192
3264,98.192
3263,98.192
3262,98.193
3261,98.195
3260,98.197
3259,98.202
3258,98.207
3257,98.211
3256,98.211
3255,98.208
3254,98.204
3253,98.202
3252,98.202
3251,98.206
3250,98.213
3249,98.22
3248,98.224
3247,98.224
3246,98.219
3245,98.212
3244,98.206
3243,98.204
3242,98.204
3241,98.204
3240,98.205
3239,98.206
3238,98.21
3237,98.217
3236,98.226
3235,98.233
3234,98.235
3233,98.229
3232,98.219
3231,98.21
3230,98.203
3229,98.199
3228,98.196
3227,98.194
3226,98.194
3225,98.194
3224,98.193
3223,98.194
3222,98.195
3221,98.196
3220,98.196
3219,98.194
3218,98.191
3217,98.188
3216,98.187
3215,98.187
3214,98.186
3213,98.184
3212,98.181
3211,98.179
3210,98.179
3209,98.179
3208,98.179
3207,98.179
3206,98.179
3205,98.177
3204,98.174
3203,98.172
3202,98.17
3201,98.168
3200,98.166
3199,98.165
3198,98.165
3197,98.164
3196,98.163
3195,98.162
3194,98.163
3193,98.162
3192,98.162
3191,98.162
3190,98.162
3189,98.161
3188,98.159
3187,98.158
3186,98.158
3185,98.159
3184,98.16
3183,98.161
3182,98.162
3181,98.162
3180,98.161
3179,98.16
3178,98.16
3177,98.16
3176,98.161
3175,98.163
3174,98.164
3173,98.164
3172,98.163
3171,98.164
3170,98.166
3169,98.167
3168,98.168
3167,98.169
3166,98.171
3165,98.172
3164,98.173
3163,98.175
3162,98.177
3161,98.179
3160,98.18
3159,98.181
3158,98.185
3157,98.191
3156,98.201
3155,98.213
3154,98.223
3153,98.226
3152,98.222
3151,98.215
3150,98.207
3149,98.202
3148,98.198
3147,98.197
3146,98.197
3145,98.199
3144,98.202
3143,98.208
3142,98.218
3141,98.226
3140,98.23
3139,98.228
3138,98.221
3137,98.211
3136,98.204
3135,98.201
3134,98.203
3133,98.208
3132,98.213
3131,98.216
3130,98.216
3129,98.211
3128,98.205
3127,98.202
3126,98.203
3125,98.207
3124,98.215
3123,98.226
3122,98.237
3121,98.245
3120,98.249
3119,98.25
3118,98.25
3117,98.246
3116,98.237
3115,98.226
3114,98.214
3113,98.205
3112,98.201
3111,98.202
3110,98.204
3109,98.201
3108,98.194
3107,98.185
3106,98.179
3105,98.174
3104,98.172
3103,98.174
3102,98.178
3101,98.18
3100,98.177
3099,98.17
3098,98.162
3097,98.155
3096,98.15
3095,98.148
3094,98.149
3093,98.152
3092,98.154
3091,98.154
3090,98.151
3089,98.146
3088,98.141
3087,98.139
3086,98.137
3085,98.131
3084,98.123
3083,98.116
3082,98.112
3081,98.107
3080,98.1
3079,98.09
3078,98.075
3077,98.055
3076,98.033
3075,98.014
3074,97.997
3073,97.984
3072,97.973
3071,97.966
3070,97.961
3069,97.955
3068,97.942
3067,97.923
3066,97.9
3065,97.876
3064,97.854
3063,97.835
3062,97.817
3061,97.802
3060,97.789
3059,97.779
3058,97.769
3057,97.757
3056,97.743
3055,97.729
3054,97.716
3053,97.705
3052,97.694
3051,97.682
3050,97.668
3049,97.655
3048,97.644
3047,97.637
3046,97.631
3045,97.621
3044,97.608
3043,97.59
3042,97.567
3041,97.538
3040,97.505
3039,97.473
3038,97.442
3037,97.411
3036,97.377
3035,97.335
3034,97.283
3033,97.222
3032,97.156
3031,97.087
3030,97.013
3029,96.937
3028,96.859
3027,96.783
3026,96.708
3025,96.631
3024,96.554
3023,96.48
3022,96.413
3021,96.351
3020,96.293
3019,96.234
3018,96.173
3017,96.108
3016,96.039
3015,95.968
3014,95.896
3013,95.823
3012,95.753
3011,95.686
3010,95.625
3009,95.571
3008,95.526
3007,95.49
3006,95.464
3005,95.444
3004,95.429
3003,95.419
3002,95.413
3001,95.408
3000,95.402
2999,95.391
2998,95.371
2997,95.339
2996,95.295
2995,95.24
2994,95.172
2993,95.086
2992,94.982
2991,94.863
2990,94.732
2989,94.588
2988,94.429
2987,94.251
2986,94.047
2985,93.814
2984,93.552
2983,93.27
2982,92.975
2981,92.665
2980,92.331
2979,91.963
2978,91.551
2977,91.088
2976,90.567
2975,89.985
2974,89.339
2973,88.634
2972,87.874
2971,87.063
2970,86.202
2969,85.293
2968,84.342
2967,83.362
2966,82.373
2965,81.394
2964,80.444
2963,79.538
2962,78.688
2961,77.904
2960,77.193
2959,76.565
2958,76.034
2957,75.616
2956,75.325
2955,75.168
2954,75.146
2953,75.249
2952,75.448
2951,75.697
2950,75.951
2949,76.172
2948,76.335
2947,76.416
2946,76.398
2945,76.264
2944,76.001
2943,75.602
2942,75.067
2941,74.402
2940,73.616
2939,72.722
2938,71.738
2937,70.686
2936,69.586
2935,68.459
2934,67.323
2933,66.194
2932,65.083
2931,64.003
2930,62.97
2929,62.004
2928,61.126
2927,60.355
2926,59.715
2925,59.235
2924,58.937
2923,58.83
2922,58.915
2921,59.187
2920,59.627
2919,60.211
2918,60.91
2917,61.696
2916,62.539
2915,63.411
2914,64.291
2913,65.165
2912,66.018
2911,66.842
2910,67.633
2909,68.393
2908,69.125
2907,69.833
2906,70.518
2905,71.183
2904,71.831
2903,72.461
2902,73.078
2901,73.684
2900,74.283
2899,74.874
2898,75.456
2897,76.031
2896,76.599
2895,77.16
2894,77.717
2893,78.271
2892,78.82
2891,79.356
2890,79.874
2889,80.364
2888,80.818
2887,81.225
2886,81.576
2885,81.863
2884,82.077
2883,82.208
2882,82.246
2881,82.178
2880,81.994
2879,81.689
2878,81.267
2877,80.75
2876,80.173
2875,79.591
2874,79.063
2873,78.64
2872,78.348
2871,78.174
2870,78.08
2869,78.014
2868,77.925
2867,77.767
2866,77.508
2865,77.128
2864,76.614
2863,75.968
2862,75.207
2861,74.358
2860,73.46
2859,72.553
2858,71.686
2857,70.917
2856,70.312
2855,69.938
2854,69.854
2853,70.091
2852,70.647
2851,71.487
2850,72.559
2849,73.8
2848,75.145
2847,76.535
2846,77.922
2845,79.276
2844,80.579
2843,81.822
2842,82.999
2841,84.104
2840,85.131
2839,86.072
2838,86.927
2837,87.702
2836,88.407
2835,89.054
2834,89.652
2833,90.206
2832,90.72
2831,91.196
2830,91.636
2829,92.039
2828,92.409
2827,92.747
2826,93.055
2825,93.337
2824,93.593
2823,93.828
2822,94.044
2821,94.242
2820,94.426
2819,94.597
2818,94.756
2817,94.903
2816,95.04
2815,95.169
2814,95.292
2813,95.409
2812,95.52
2811,95.622
2810,95.714
2809,95.797
2808,95.873
2807,95.946
2806,96.018
2805,96.086
2804,96.15
2803,96.214
2802,96.277
2801,96.339
2800,96.397
2799,96.45
2798,96.498
2797,96.54
2796,96.579
2795,96.62
2794,96.663
2793,96.708
2792,96.755
2791,96.8
2790,96.84
2789,96.873
2788,96.901
2787,96.928
2786,96.959
2785,96.991
2784,97.023
2783,97.054
2782,97.084
2781,97.112
2780,97.139
2779,97.168
2778,97.2
2777,97.232
2776,97.259
2775,97.277
2774,97.288
2773,97.294
2772,97.301
2771,97.31
2770,97.32
2769,97.33
2768,97.338
2767,97.347
2766,97.355
2765,97.362
2764,97.368
2763,97.373
2762,97.378
2761,97.383
2760,97.387
2759,97.392
2758,97.399
2757,97.404
2756,97.408
2755,97.413
2754,97.422
2753,97.434
2752,97.451
2751,97.468
2750,97.482
2749,97.489
2748,97.488
2747,97.481
2746,97.472
2745,97.465
2744,97.46
2743,97.457
2742,97.454
2741,97.451
2740,97.447
2739,97.443
2738,97.434
2737,97.421
2736,97.404
2735,97.386
2734,97.371
2733,97.358
2732,97.349
2731,97.346
2730,97.352
2729,97.366
2728,97.383
2727,97.399
2726,97.408
2725,97.413
2724,97.417
2723,97.424
2722,97.432
2721,97.439
2720,97.447
2719,97.458
2718,97.471
2717,97.485
2716,97.499
2715,97.513
2714,97.528
2713,97.542
2712,97.555
2711,97.568
2710,97.578
2709,97.586
2708,97.591
2707,97.597
2706,97.604
2705,97.608
2704,97.612
2703,97.615
2702,97.618
2701,97.62
2700,97.62
2699,97.62
2698,97.618
2697,97.615
2696,97.611
2695,97.608
2694,97.606
2693,97.603
2692,97.6
2691,97.598
2690,97.596
2689,97.593
2688,97.589
2687,97.585
2686,97.582
2685,97.581
2684,97.582
2683,97.585
2682,97.59
2681,97.592
2680,97.59
2679,97.588
2678,97.585
2677,97.58
2676,97.575
2675,97.571
2674,97.567
2673,97.562
2672,97.557
2671,97.554
2670,97.553
2669,97.553
2668,97.554
2667,97.555
2666,97.556
2665,97.556
2664,97.556
2663,97.556
2662,97.558
2661,97.561
2660,97.566
2659,97.571
2658,97.579
2657,97.586
2656,97.593
2655,97.6
2654,97.608
2653,97.615
2652,97.622
2651,97.629
2650,97.636
2649,97.642
2648,97.646
2647,97.652
2646,97.657
2645,97.662
2644,97.666
2643,97.671
2642,97.678
2641,97.686
2640,97.693
2639,97.699
2638,97.703
2637,97.706
2636,97.707
2635,97.711
2634,97.715
2633,97.719
2632,97.722
2631,97.726
2630,97.732
2629,97.737
2628,97.741
2627,97.747
2626,97.752
2625,97.755
2624,97.757
2623,97.759
2622,97.763
2621,97.765
2620,97.767
2619,97.771
2618,97.777
2617,97.782
2616,97.785
2615,97.787
2614,97.79
2613,97.792
2612,97.794
2611,97.798
2610,97.801
2609,97.804
2608,97.805
2607,97.808
2606,97.812
2605,97.815
2604,97.817
2603,97.82
2602,97.825
2601,97.83
2600,97.833
2599,97.838
2598,97.845
2597,97.851
2596,97.855
2595,97.862
2594,97.869
2593,97.875
2592,97.878
2591,97.883
2590,97.887
2589,97.891
2588,97.894
2587,97.899
2586,97.906
2585,97.911
2584,97.913
2583,97.916
2582,97.92
2581,97.926
2580,97.931
2579,97.939
2578,97.949
2577,97.957
2576,97.96
2575,97.962
2574,97.963
2573,97.965
2572,97.968
2571,97.973
2570,97.979
2569,97.984
2568,97.986
2567,97.989
2566,97.994
2565,97.997
2564,98
2563,98.005
2562,98.012
2561,98.016
2560,98.017
2559,98.018
2558,98.021
2557,98.024
2556,98.027
2555,98.032
2554,98.037
2553,98.039
2552,98.04
2551,98.043
2550,98.048
2549,98.051
2548,98.054
2547,98.058
2546,98.066
2545,98.073
2544,98.077
2543,98.08
2542,98.084
2541,98.085
2540,98.086
2539,98.088
2538,98.091
2537,98.092
2536,98.092
2535,98.095
2534,98.101
2533,98.105
2532,98.105
2531,98.105
2530,98.108
2529,98.111
2528,98.114
2527,98.118
2526,98.122
2525,98.124
2524,98.127
2523,98.134
2522,98.141
2521,98.144
2520,98.143
2519,98.142
2518,98.144
2517,98.147
2516,98.149
2515,98.153
2514,98.158
2513,98.159
2512,98.159
2511,98.16
2510,98.163
2509,98.166
2508,98.166
2507,98.167
2506,98.168
2505,98.166
2504,98.165
2503,98.166
2502,98.169
2501,98.171
2500,98.171
2499,98.172
2498,98.173
2497,98.173
2496,98.171
2495,98.172
2494,98.173
2493,98.174
2492,98.173
2491,98.175
2490,98.179
2489,98.18
2488,98.18
2487,98.181
2486,98.184
2485,98.186
2484,98.187
2483,98.192
2482,98.198
2481,98.202
2480,98.203
2479,98.205
2478,98.206
2477,98.206
2476,98.205
2475,98.207
2474,98.21
2473,98.212
2472,98.213
2471,98.216
2470,98.22
2469,98.22
2468,98.218
2467,98.218
2466,98.221
2465,98.224
2464,98.225
2463,98.228
2462,98.232
2461,98.235
2460,98.234
2459,98.234
2458,98.233
2457,98.229
2456,98.223
2455,98.22
2454,98.221
2453,98.224
2452,98.227
2451,98.234
2450,98.242
2449,98.247
2448,98.25
2447,98.253
2446,98.258
2445,98.26
2444,98.26
2443,98.263
2442,98.27
2441,98.276
2440,98.281
2439,98.286
2438,98.292
2437,98.295
2436,98.297
2435,98.299
2434,98.304
2433,98.308
2432,98.312
2431,98.319
2430,98.326
2429,98.329
2428,98.329
2427,98.331
2426,98.335
2425,98.339
2424,98.339
2423,98.342
2422,98.345
2421,98.347
2420,98.346
2419,98.347
2418,98.35
2417,98.353
2416,98.355
2415,98.359
2414,98.362
2413,98.361
2412,98.359
2411,98.358
2410,98.36
2409,98.363
2408,98.368
2407,98.376
2406,98.386
2405,98.391
2404,98.393
2403,98.395
2402,98.398
2401,98.4
2400,98.4
2399,98.401
2398,98.403
2397,98.403
2396,98.402
2395,98.402
2394,98.406
2393,98.41
2392,98.415
2391,98.425
2390,98.441
2389,98.464
2388,98.496
2387,98.542
2386,98.598
2385,98.656
2384,98.706
2383,98.737
2382,98.736
2381,98.69
2380,98.596
2379,98.471
2378,98.346
2377,98.249
2376,98.206
2375,98.231
2374,98.311
2373,98.407
2372,98.482
2371,98.534
2370,98.565
2369,98.567
2368,98.545
2367,98.525
2366,98.521
2365,98.51
2364,98.478
2363,98.462
2362,98.485
2361,98.527
2360,98.568
2359,98.616
2358,98.655
2357,98.634
2356,98.559
2355,98.49
2354,98.457
2353,98.454
2352,98.481
2351,98.535
2350,98.579
2349,98.579
2348,98.552
2347,98.556
2346,98.613
2345,98.68
2344,98.73
2343,98.756
2342,98.726
2341,98.634
2340,98.537
2339,98.494
2338,98.491
2337,98.482
2336,98.467
2335,98.476
2334,98.501
2333,98.525
2332,98.555
2331,98.608
2330,98.675
2329,98.729
2328,98.759
2327,98.76
2326,98.727
2325,98.673
2324,98.633
2323,98.629
2322,98.635
2321,98.627
2320,98.608
2319,98.597
2318,98.588
2317,98.569
2316,98.549
2315,98.549
2314,98.574
2313,98.609
2312,98.646
2311,98.682
2310,98.708
2309,98.717
2308,98.712
2307,98.702
2306,98.69
2305,98.677
2304,98.672
2303,98.681
2302,98.691
2301,98.688
2300,98.671
2299,98.652
2298,98.633
2297,98.607
2296,98.575
2295,98.543
2294,98.512
2293,98.476
2292,98.438
2291,98.407
2290,98.383
2289,98.357
2288,98.331
2287,98.313
2286,98.301
2285,98.289
2284,98.28
2283,98.283
2282,98.296
2281,98.304
2280,98.305
2279,98.309
2278,98.316
2277,98.318
2276,98.312
2275,98.31
2274,98.313
2273,98.313
2272,98.312
2271,98.318
2270,98.33
2269,98.336
2268,98.34
2267,98.352
2266,98.367
2265,98.371
2264,98.365
2263,98.364
2262,98.37
2261,98.368
2260,98.356
2259,98.349
2258,98.352
2257,98.354
2256,98.358
2255,98.374
2254,98.392
2253,98.394
2252,98.381
2251,98.372
2250,98.372
2249,98.365
2248,98.35
2247,98.346
2246,98.354
2245,98.36
2244,98.359
2243,98.362
2242,98.367
2241,98.359
2240,98.344
2239,98.341
2238,98.348
2237,98.349
2236,98.342
2235,98.344
2234,98.354
2233,98.352
2232,98.336
2231,98.327
2230,98.33
2229,98.333
2228,98.334
2227,98.347
2226,98.361
2225,98.355
2224,98.336
2223,98.329
2222,98.333
2221,98.329
2220,98.316
2219,98.319
2218,98.337
2217,98.344
2216,98.339
2215,98.341
2214,98.349
2213,98.34
2212,98.321
2211,98.318
2210,98.332
2209,98.332
2208,98.315
2207,98.309
2206,98.317
2205,98.316
2204,98.307
2203,98.312
2202,98.326
2201,98.319
2200,98.293
2199,98.28
2198,98.284
2197,98.279
2196,98.262
2195,98.263
2194,98.28
2193,98.283
2192,98.267
2191,98.258
2190,98.259
2189,98.246
2188,98.22
2187,98.212
2186,98.223
2185,98.219
2184,98.21
2183,98.234
2182,98.286
2181,98.311
2180,98.295
2179,98.278
2178,98.285
2177,98.295
2176,98.306
2175,98.332
2174,98.355
2173,98.334
2172,98.278
2171,98.23
2170,98.197
2169,98.147
2168,98.082
2167,98.042
2166,98.029
2165,97.996
2164,97.928
2163,97.865
2162,97.839
2161,97.864
2160,97.987
2159,98.226
2158,98.478
2157,98.614
2156,98.648
2155,98.668
2154,98.694
2153,98.688
2152,98.659
2151,98.654
2150,98.672
2149,98.675
2148,98.665
2147,98.683
2146,98.722
2145,98.741
2144,98.737
2143,98.741
2142,98.754
2141,98.752
2140,98.739
2139,98.746
2138,98.772
2137,98.794
2136,98.815
2135,98.856
2134,98.899
2133,98.905
2132,98.877
2131,98.85
2130,98.834
2129,98.815
2128,98.789
2127,98.774
2126,98.767
2125,98.75
2124,98.724
2123,98.71
2122,98.708
2121,98.7
2120,98.684
2119,98.673
2118,98.667
2117,98.651
2116,98.627
2115,98.617
2114,98.623
2113,98.625
2112,98.617
2111,98.616
2110,98.624
2109,98.626
2108,98.62
2107,98.622
2106,98.633
2105,98.634
2104,98.626
2103,98.625
2102,98.632
2101,98.63
2100,98.619
2099,98.619
2098,98.634
2097,98.649
2096,98.66
2095,98.677
2094,98.692
2093,98.683
2092,98.656
2091,98.64
2090,98.638
2089,98.63
2088,98.614
2087,98.605
2086,98.606
2085,98.6
2084,98.583
2083,98.576
2082,98.58
2081,98.58
2080,98.573
2079,98.576
2078,98.588
2077,98.584
2076,98.567
2075,98.564
2074,98.578
2073,98.585
2072,98.581
2071,98.588
2070,98.606
2069,98.612
2068,98.603
2067,98.606
2066,98.622
2065,98.623
2064,98.608
2063,98.607
2062,98.622
2061,98.627
2060,98.614
2059,98.607
2058,98.613
2057,98.611
2056,98.604
2055,98.608
2054,98.606
2053,98.552
2052,98.466
2051,98.423
2050,98.458
2049,98.518
2048,98.556
2047,98.591
2046,98.634
2045,98.653
2044,98.644
2043,98.651
2042,98.678
2041,98.67
2040,98.622
2039,98.594
2038,98.612
2037,98.628
2036,98.625
2035,98.644
2034,98.685
2033,98.689
2032,98.653
2031,98.647
2030,98.687
2029,98.712
2028,98.707
2027,98.724
2026,98.765
2025,98.771
2024,98.738
2023,98.731
2022,98.759
2021,98.766
2020,98.746
2019,98.755
2018,98.796
2017,98.803
2016,98.775
2015,98.778
2014,98.816
2013,98.819
2012,98.778
2011,98.76
2010,98.785
2009,98.804
2008,98.809
2007,98.849
2006,98.91
2005,98.922
2004,98.882
2003,98.856
2002,98.859
2001,98.844
2000,98.805
1999,98.791
1998,98.805
1997,98.796
1996,98.755
1995,98.733
1994,98.741
1993,98.736
1992,98.711
1991,98.706
1990,98.722
1989,98.712
1988,98.678
1987,98.675
1986,98.707
1985,98.712
1984,98.676
1983,98.647
1982,98.64
1981,98.618
1980,98.599
1979,98.656
1978,98.783
1977,98.868
1976,98.879
1975,98.897
1974,98.951
1973,98.976
1972,98.963
1971,98.973
1970,99.009
1969,99.006
1968,98.956
1967,98.929
1966,98.94
1965,98.932
1964,98.9
1963,98.903
1962,98.95
1961,98.98
1960,98.977
1959,98.983
1958,98.999
1957,98.983
1956,98.939
1955,98.924
1954,98.946
1953,98.957
1952,98.942
1951,98.938
1950,98.951
1949,98.946
1948,98.922
1947,98.921
1946,98.951
1945,98.97
1944,98.965
1943,98.967
1942,98.982
1941,98.975
1940,98.947
1939,98.936
1938,98.951
1937,98.96
1936,98.952
1935,98.953
1934,98.968
1933,98.968
1932,98.95
1931,98.944
1930,98.956
1929,98.956
1928,98.938
1927,98.926
1926,98.929
1925,98.921
1924,98.896
1923,98.881
1922,98.882
1921,98.879
1920,98.866
1919,98.863
1918,98.873
1917,98.868
1916,98.848
1915,98.839
1914,98.85
1913,98.855
1912,98.847
1911,98.844
1910,98.852
1909,98.851
1908,98.839
1907,98.837
1906,98.849
1905,98.853
1904,98.845
1903,98.845
1902,98.856
1901,98.857
1900,98.846
1899,98.848
1898,98.864
1897,98.87
1896,98.858
1895,98.85
1894,98.855
1893,98.857
1892,98.849
1891,98.849
1890,98.861
1889,98.864
1888,98.853
1887,98.85
1886,98.858
1885,98.86
1884,98.851
1883,98.851
1882,98.862
1881,98.868
1880,98.863
1879,98.864
1878,98.875
1877,98.878
1876,98.869
1875,98.866
1874,98.877
1873,98.886
1872,98.885
1871,98.891
1870,98.905
1869,98.905
1868,98.886
1867,98.875
1866,98.879
1865,98.878
1864,98.868
1863,98.865
1862,98.875
1861,98.878
1860,98.868
1859,98.865
1858,98.874
1857,98.879
1856,98.872
1855,98.87
1854,98.879
1853,98.884
1852,98.877
1851,98.875
1850,98.883
1849,98.888
1848,98.885
1847,98.888
1846,98.901
1845,98.904
1844,98.89
1843,98.881
1842,98.883
1841,98.879
1840,98.865
1839,98.857
1838,98.862
1837,98.863
1836,98.854
1835,98.852
1834,98.861
1833,98.863
1832,98.847
1831,98.828
1830,98.823
1829,98.824
1828,98.819
1827,98.819
1826,98.824
1825,98.822
1824,98.804
1823,98.791
1822,98.791
1821,98.791
1820,98.786
1819,98.79
1818,98.806
1817,98.808
1816,98.787
1815,98.761
1814,98.747
1813,98.731
1812,98.703
1811,98.68
1810,98.674
1809,98.666
1808,98.646
1807,98.628
1806,98.622
1805,98.616
1804,98.601
1803,98.587
1802,98.58
1801,98.562
1800,98.526
1799,98.495
1798,98.482
1797,98.468
1796,98.441
1795,98.415
1794,98.399
1793,98.373
1792,98.325
1791,98.278
1790,98.246
1789,98.207
1788,98.151
1787,98.093
1786,98.043
1785,97.987
1784,97.915
1783,97.847
1782,97.795
1781,97.746
1780,97.686
1779,97.628
1778,97.581
1777,97.527
1776,97.45
1775,97.357
1774,97.251
1773,97.106
1772,96.915
1771,96.727
1770,96.549
1769,96.319
1768,95.998
1767,95.621
1766,95.225
1765,94.771
1764,94.175
1763,93.379
1762,92.405
1761,91.334
1760,90.202
1759,88.94
1758,87.42
1757,85.625
1756,83.761
1755,82.018
1754,80.333
1753,78.516
1752,76.513
1751,74.529
1750,72.809
1749,71.435
1748,70.423
1747,69.779
1746,69.475
1745,69.496
1744,69.835
1743,70.442
1742,71.269
1741,72.355
1740,73.703
1739,75.072
1738,76.213
1737,77.185
1736,78.273
1735,79.705
1734,81.234
1733,82.418
1732,83.268
1731,84.008
1730,84.738
1729,85.458
1728,86.127
1727,86.722
1726,87.258
1725,87.772
1724,88.272
1723,88.71
1722,89.046
1721,89.308
1720,89.543
1719,89.766
1718,89.947
1717,90.061
1716,90.124
1715,90.149
1714,90.159
1713,90.205
1712,90.316
1711,90.485
1710,90.702
1709,90.976
1708,91.315
1707,91.719
1706,92.175
1705,92.621
1704,92.998
1703,93.312
1702,93.642
1701,94.073
1700,94.524
1699,94.847
1698,95.056
1697,95.255
1696,95.493
1695,95.723
1694,95.878
1693,95.98
1692,96.078
1691,96.193
1690,96.311
1689,96.415
1688,96.507
1687,96.589
1686,96.667
1685,96.749
1684,96.84
1683,96.922
1682,96.973
1681,97.008
1680,97.05
1679,97.097
1678,97.134
1677,97.162
1676,97.2
1675,97.246
1674,97.279
1673,97.294
1672,97.307
1671,97.329
1670,97.351
1669,97.371
1668,97.4
1667,97.429
1666,97.446
1665,97.45
1664,97.457
1663,97.472
1662,97.482
1661,97.486
1660,97.489
1659,97.496
1658,97.499
1657,97.503
1656,97.509
1655,97.521
1654,97.528
1653,97.54
1652,97.58
1651,97.614
1650,97.63
1649,97.643
1648,97.678
1647,97.734
1646,97.788
1645,97.822
1644,97.847
1643,97.869
1642,97.888
1641,97.902
1640,97.919
1639,97.939
1638,97.952
1637,97.957
1636,97.968
1635,97.994
1634,98.019
1633,98.03
1632,98.037
1631,98.046
1630,98.049
1629,98.042
1628,98.039
1627,98.045
1626,98.049
1625,98.042
1624,98.036
1623,98.038
1622,98.04
1621,98.036
1620,98.033
1619,98.031
1618,98.02
1617,98
1616,97.987
1615,97.983
1614,97.967
1613,97.937
1612,97.907
1611,97.882
1610,97.858
1609,97.838
1608,97.841
1607,97.871
1606,97.912
1605,97.951
1604,97.996
1603,98.044
1602,98.086
1601,98.116
1600,98.145
1599,98.175
1598,98.199
1597,98.213
1596,98.226
1595,98.243
1594,98.256
1593,98.262
1592,98.27
1591,98.286
1590,98.3
1589,98.31
1588,98.324
1587,98.345
1586,98.362
1585,98.371
1584,98.383
1583,98.399
1582,98.41
1581,98.416
1580,98.426
1579,98.442
1578,98.454
1577,98.461
1576,98.479
1575,98.506
1574,98.521
1573,98.522
1572,98.522
1571,98.532
1570,98.545
1569,98.556
1568,98.573
1567,98.59
1566,98.596
1565,98.597
1564,98.605
1563,98.626
1562,98.642
1561,98.647
1560,98.656
1559,98.667
1558,98.671
1557,98.671
1556,98.681
1555,98.694
1554,98.708
1553,98.71
1552,98.713
1551,98.723
1550,98.736
1549,98.742
1548,98.752
1547,98.77
1546,98.788
1545,98.794
1544,98.795
1543,98.804
1542,98.818
1541,98.818
1540,98.818
1539,98.842
1538,98.865
1537,98.869
1536,98.867
1535,98.877
1534,98.893
1533,98.903
1532,98.913
1531,98.93
1530,98.945
1529,98.949
1528,98.952
1527,98.966
1526,98.979
1525,98.977
1524,98.971
1523,98.979
1522,98.989
1521,98.977
1520,98.954
1519,98.934
1518,98.913
1517,98.887
1516,98.876
1515,98.886
1514,98.896
1513,98.886
1512,98.863
1511,98.845
1510,98.824
1509,98.779
1508,98.708
1507,98.649
1506,98.622
1505,98.605
1504,98.596
1503,98.598
1502,98.596
1501,98.572
1500,98.536
1499,98.51
1498,98.485
1497,98.438
1496,98.385
1495,98.354
1494,98.328
1493,98.288
1492,98.244
1491,98.214
1490,98.175
1489,98.1
1488,98.015
1487,97.95
1486,97.872
1485,97.756
1484,97.614
1483,97.456
1482,97.254
1481,96.993
1480,96.706
1479,96.408
1478,96.05
1477,95.592
1476,95.065
1475,94.462
1474,93.598
1473,92.292
1472,90.694
1471,89.099
1470,87.584
1469,86.146
1468,84.864
1467,83.821
1466,83.026
1465,82.454
1464,82.076
1463,81.819
1462,81.594
1461,81.371
1460,81.165
1459,80.99
1458,80.868
1457,80.902
1456,81.148
1455,81.516
1454,81.954
1453,82.47
1452,83.037
1451,83.578
1450,84.055
1449,84.51
1448,84.979
1447,85.44
1446,85.876
1445,86.315
1444,86.787
1443,87.278
1442,87.757
1441,88.204
1440,88.617
1439,89.018
1438,89.467
1437,90.001
1436,90.533
1435,90.967
1434,91.337
1433,91.723
1432,92.152
1431,92.594
1430,93.016
1429,93.398
1428,93.705
1427,93.921
1426,94.071
1425,94.18
1424,94.239
1423,94.234
1422,94.189
1421,94.135
1420,94.076
1419,94.025
1418,94.022
1417,94.088
1416,94.209
1415,94.37
1414,94.57
1413,94.805
1412,95.047
1411,95.261
1410,95.438
1409,95.585
1408,95.695
1407,95.762
1406,95.8
1405,95.831
1404,95.855
1403,95.862
1402,95.864
1401,95.877
1400,95.891
1399,95.886
1398,95.859
1397,95.817
1396,95.745
1395,95.627
1394,95.48
1393,95.318
1392,95.129
1391,94.891
1390,94.597
1389,94.23
1388,93.764
1387,93.218
1386,92.651
1385,92.097
1384,91.529
1383,90.907
1382,90.219
1381,89.489
1380,88.783
1379,88.216
1378,87.895
1377,87.858
1376,88.079
1375,88.501
1374,89.023
1373,89.524
1372,89.932
1371,90.24
1370,90.463
1369,90.612
1368,90.709
1367,90.801
1366,90.939
1365,91.164
1364,91.482
1363,91.858
1362,92.223
1361,92.527
1360,92.766
1359,92.954
1358,93.105
1357,93.226
1356,93.324
1355,93.403
1354,93.467
1353,93.524
1352,93.58
1351,93.635
1350,93.692
1349,93.751
1348,93.813
1347,93.876
1346,93.937
1345,93.997
1344,94.054
1343,94.108
1342,94.163
1341,94.23
1340,94.313
1339,94.408
1338,94.504
1337,94.599
1336,94.69
1335,94.772
1334,94.845
1333,94.908
1332,94.961
1331,94.996
1330,95.011
1329,95.008
1328,94.989
1327,94.957
1326,94.914
1325,94.867
1324,94.82
1323,94.773
1322,94.725
1321,94.68
1320,94.639
1319,94.602
1318,94.568
1317,94.536
1316,94.507
1315,94.476
1314,94.444
1313,94.411
1312,94.38
1311,94.345
1310,94.306
1309,94.264
1308,94.22
1307,94.173
1306,94.123
1305,94.073
1304,94.026
1303,93.983
1302,93.946
1301,93.917
1300,93.897
1299,93.881
1298,93.866
1297,93.85
1296,93.831
1295,93.807
1294,93.775
1293,93.737
1292,93.693
1291,93.641
1290,93.579
1289,93.507
1288,93.428
1287,93.341
1286,93.248
1285,93.152
1284,93.058
1283,92.968
1282,92.882
1281,92.802
1280,92.731
1279,92.667
1278,92.608
1277,92.552
1276,92.498
1275,92.444
1274,92.388
1273,92.327
1272,92.262
1271,92.192
1270,92.113
1269,92.025
1268,91.932
1267,91.837
1266,91.737
1265,91.634
1264,91.527
1263,91.416
1262,91.302
1261,91.184
1260,91.064
1259,90.94
1258,90.808
1257,90.667
1256,90.514
1255,90.351
1254,90.173
1253,89.981
1252,89.776
1251,89.561
1250,89.336
1249,89.101
1248,88.864
1247,88.629
1246,88.4
1245,88.18
1244,87.975
1243,87.793
1242,87.635
1241,87.504
1240,87.4
1239,87.321
1238,87.26
1237,87.212
1236,87.177
1235,87.153
1234,87.135
1233,87.12
1232,87.109
1231,87.108
1230,87.116
1229,87.134
1228,87.167
1227,87.22
1226,87.293
1225,87.385
1224,87.503
1223,87.648
1222,87.816
1221,88.004
1220,88.207
1219,88.42
1218,88.63
1217,88.828
1216,89.01
1215,89.173
1214,89.312
1213,89.427
1212,89.52
1211,89.597
1210,89.657
1209,89.704
1208,89.74
1207,89.766
1206,89.777
1205,89.768
1204,89.741
1203,89.692
1202,89.62
1201,89.521
1200,89.4
1199,89.259
1198,89.097
1197,88.915
1196,88.718
1195,88.509
1194,88.29
1193,88.061
1192,87.825
1191,87.582
1190,87.329
1189,87.061
1188,86.78
1187,86.487
1186,86.182
1185,85.862
1184,85.531
1183,85.194
1182,84.847
1181,84.49
1180,84.124
1179,83.755
1178,83.379
1177,82.991
1176,82.596
1175,82.199
1174,81.801
1173,81.403
1172,81.018
1171,80.658
1170,80.326
1169,80.02
1168,79.747
1167,79.512
1166,79.31
1165,79.135
1164,78.996
1163,78.899
1162,78.842
1161,78.818
1160,78.833
1159,78.887
1158,78.976
1157,79.089
1156,79.23
1155,79.405
1154,79.603
1153,79.812
1152,80.028
1151,80.252
1150,80.476
1149,80.695
1148,80.916
1147,81.146
1146,81.383
1145,81.628
1144,81.888
1143,82.174
1142,82.482
1141,82.809
1140,83.158
1139,83.532
1138,83.921
1137,84.317
1136,84.715
1135,85.11
1134,85.489
1133,85.84
1132,86.158
1131,86.435
1130,86.661
1129,86.829
1128,86.942
1127,87.008
1126,87.033
1125,87.027
1124,87.008
1123,86.992
1122,86.986
1121,86.992
1120,87.016
1119,87.06
1118,87.117
1117,87.178
1116,87.242
1115,87.3
1114,87.341
1113,87.358
1112,87.352
1111,87.323
1110,87.271
1109,87.196
1108,87.104
1107,87.005
1106,86.902
1105,86.802
1104,86.716
1103,86.655
1102,86.623
1101,86.624
1100,86.663
1099,86.743
1098,86.859
1097,87.004
1096,87.18
1095,87.386
1094,87.614
1093,87.854
1092,88.102
1091,88.353
1090,88.6
1089,88.837
1088,89.067
1087,89.288
1086,89.497
1085,89.695
1084,89.888
1083,90.08
1082,90.269
1081,90.454
1080,90.636
1079,90.812
1078,90.977
1077,91.129
1076,91.272
1075,91.41
1074,91.54
1073,91.663
1072,91.779
1071,91.883
1070,91.969
1069,92.035
1068,92.088
1067,92.135
1066,92.179
1065,92.224
1064,92.272
1063,92.322
1062,92.368
1061,92.41
1060,92.453
1059,92.5
1058,92.551
1057,92.61
1056,92.678
1055,92.75
1054,92.82
1053,92.889
1052,92.961
1051,93.039
1050,93.12
1049,93.2
1048,93.281
1047,93.359
1046,93.426
1045,93.483
1044,93.532
1043,93.573
1042,93.605
1041,93.626
1040,93.644
1039,93.661
1038,93.681
1037,93.708
1036,93.743
1035,93.782
1034,93.818
1033,93.852
1032,93.886
1031,93.919
1030,93.949
1029,93.977
1028,94.009
1027,94.045
1026,94.082
1025,94.116
1024,94.149
1023,94.184
1022,94.223
1021,94.27
1020,94.327
1019,94.389
1018,94.452
1017,94.517
1016,94.588
1015,94.663
1014,94.739
1013,94.813
1012,94.885
1011,94.957
1010,95.024
1009,95.087
1008,95.145
1007,95.197
1006,95.24
1005,95.272
1004,95.297
1003,95.315
1002,95.328
1001,95.336
1000,95.342
999,95.346
998,95.345
997,95.339
996,95.329
995,95.313
994,95.284
993,95.238
992,95.175
991,95.096
990,95.004
989,94.906
988,94.816
987,94.742
986,94.688
985,94.65
984,94.62
983,94.581
982,94.515
981,94.411
980,94.26
979,94.06
978,93.804
977,93.49
976,93.118
975,92.691
974,92.218
973,91.722
972,91.234
971,90.787
970,90.407
969,90.121
968,89.958
967,89.94
966,90.078
965,90.375
964,90.813
963,91.35
962,91.928
961,92.493
960,93.009
959,93.456
958,93.829
957,94.138
956,94.397
955,94.617
954,94.8
953,94.954
952,95.083
951,95.19
950,95.276
949,95.347
948,95.413
947,95.481
946,95.553
945,95.632
944,95.718
943,95.809
942,95.899
941,95.984
940,96.068
939,96.149
938,96.227
937,96.301
936,96.375
935,96.445
934,96.508
933,96.565
932,96.618
931,96.666
930,96.707
929,96.739
928,96.766
927,96.786
926,96.801
925,96.818
924,96.839
923,96.862
922,96.882
921,96.9
920,96.921
919,96.946
918,96.976
917,97.007
916,97.04
915,97.068
914,97.085
913,97.09
912,97.086
911,97.076
910,97.059
909,97.043
908,97.036
907,97.042
906,97.059
905,97.084
904,97.113
903,97.139
902,97.155
901,97.161
900,97.162
899,97.159
898,97.148
897,97.133
896,97.119
895,97.109
894,97.1
893,97.093
892,97.092
891,97.095
890,97.103
889,97.118
888,97.14
887,97.167
886,97.193
885,97.217
884,97.243
883,97.269
882,97.292
881,97.313
880,97.336
879,97.361
878,97.387
877,97.411
876,97.431
875,97.446
874,97.458
873,97.473
872,97.498
871,97.532
870,97.568
869,97.605
868,97.642
867,97.681
866,97.719
865,97.758
864,97.801
863,97.844
862,97.882
861,97.914
860,97.943
859,97.965
858,97.979
857,97.984
856,97.983
855,97.978
854,97.968
853,97.955
852,97.943
851,97.929
850,97.912
849,97.895
848,97.883
847,97.88
846,97.884
845,97.894
844,97.917
843,97.949
842,97.982
841,98.011
840,98.034
839,98.049
838,98.052
837,98.049
836,98.056
835,98.088
834,98.15
833,98.233
832,98.32
831,98.391
830,98.435
829,98.456
828,98.462
827,98.457
826,98.441
825,98.42
824,98.401
823,98.391
822,98.392
821,98.409
820,98.445
819,98.492
818,98.537
817,98.577
816,98.614
815,98.653
814,98.69
813,98.722
812,98.741
811,98.737
810,98.698
809,98.622
808,98.524
807,98.431
806,98.38
805,98.398
804,98.488
803,98.619
802,98.75
801,98.854
800,98.927
799,98.973
798,98.993
797,98.996
796,98.993
795,98.989
794,98.982
793,98.971
792,98.958
791,98.939
790,98.91
789,98.87
788,98.821
787,98.762
786,98.687
785,98.6
784,98.507
783,98.418
782,98.338
781,98.271
780,98.221
779,98.182
778,98.145
777,98.104
776,98.057
775,98.004
774,97.94
773,97.864
772,97.782
771,97.696
770,97.603
769,97.511
768,97.436
767,97.391
766,97.378
765,97.394
764,97.432
763,97.477
762,97.512
761,97.525
760,97.52
759,97.5
758,97.464
757,97.413
756,97.351
755,97.28
754,97.197
753,97.106
752,97.016
751,96.927
750,96.83
749,96.717
748,96.586
747,96.437
746,96.265
745,96.071
744,95.866
743,95.663
742,95.469
741,95.293
740,95.143
739,95.018
738,94.905
737,94.793
736,94.68
735,94.56
734,94.419
733,94.237
732,94.013
731,93.748
730,93.441
729,93.099
728,92.74
727,92.377
726,92.021
725,91.698
724,91.457
723,91.346
722,91.391
721,91.585
720,91.888
719,92.239
718,92.596
717,92.944
716,93.284
715,93.608
714,93.908
713,94.185
712,94.446
711,94.684
710,94.895
709,95.09
708,95.287
707,95.477
706,95.639
705,95.767
704,95.869
703,95.95
702,96.008
701,96.049
700,96.1
699,96.183
698,96.314
697,96.498
696,96.719
695,96.943
694,97.133
693,97.275
692,97.382
691,97.463
690,97.518
689,97.555
688,97.6
687,97.68
686,97.79
685,97.905
684,98.013
683,98.111
682,98.192
681,98.25
680,98.3
679,98.348
678,98.385
677,98.418
676,98.452
675,98.478
674,98.477
673,98.43
672,98.284
671,97.912
670,97.161
669,96.031
668,95.203
667,95.585
666,96.483
665,97.104
664,97.356
663,97.393
662,97.353
661,97.337
660,97.386
659,97.5
658,97.661
657,97.858
656,98.061
655,98.235
654,98.374
653,98.497
652,98.61
651,98.7
650,98.764
649,98.822
648,98.872
647,98.896
646,98.903
645,98.917
644,98.941
643,98.96
642,98.968
641,98.976
640,98.986
639,98.986
638,98.972
637,98.962
636,98.957
635,98.944
634,98.924
633,98.909
632,98.902
631,98.89
630,98.871
629,98.863
628,98.871
627,98.881
626,98.888
625,98.9
624,98.914
623,98.921
622,98.923
621,98.935
620,98.964
619,98.997
618,99.014
617,99.005
616,98.976
615,98.939
614,98.905
613,98.88
612,98.856
611,98.819
610,98.771
609,98.721
608,98.671
607,98.618
606,98.571
605,98.543
604,98.536
603,98.539
602,98.551
601,98.572
600,98.599
599,98.624
598,98.645
597,98.662
596,98.672
595,98.672
594,98.667
593,98.662
592,98.653
591,98.634
590,98.607
589,98.585
588,98.569
587,98.553
586,98.535
585,98.52
584,98.512
583,98.506
582,98.503
581,98.51
580,98.528
579,98.55
578,98.573
577,98.6
576,98.628
575,98.651
574,98.671
573,98.701
572,98.741
571,98.776
570,98.801
569,98.822
568,98.843
567,98.854
566,98.858
565,98.866
564,98.884
563,98.904
562,98.922
561,98.944
560,98.967
559,98.978
558,98.976
557,98.973
556,98.977
555,98.979
554,98.975
553,98.973
552,98.975
551,98.97
550,98.953
549,98.936
548,98.93
547,98.927
546,98.924
545,98.926
544,98.929
543,98.914
542,98.871
541,98.816
540,98.773
539,98.752
538,98.76
537,98.798
536,98.853
535,98.9
534,98.93
533,98.951
532,98.971
531,98.979
530,98.974
529,98.969
528,98.97
527,98.967
526,98.954
525,98.943
524,98.943
523,98.943
522,98.935
521,98.923
520,98.913
519,98.897
518,98.869
517,98.843
516,98.825
515,98.806
514,98.783
513,98.769
512,98.768
511,98.769
510,98.764
509,98.765
508,98.777
507,98.783
506,98.774
505,98.765
504,98.768
503,98.774
502,98.764
501,98.743
500,98.725
499,98.706
498,98.684
497,98.668
496,98.661
495,98.649
494,98.621
493,98.586
492,98.56
491,98.534
490,98.498
489,98.46
488,98.429
487,98.396
486,98.351
485,98.307
484,98.278
483,98.251
482,98.212
481,98.175
480,98.156
479,98.142
478,98.11
477,98.067
476,98.032
475,98.005
474,97.975
473,97.945
472,97.926
471,97.905
470,97.871
469,97.84
468,97.821
467,97.792
466,97.731
465,97.666
464,97.631
463,97.624
462,97.614
461,97.598
460,97.596
459,97.613
458,97.636
457,97.659
456,97.683
455,97.704
454,97.721
453,97.748
452,97.79
451,97.825
450,97.839
449,97.851
448,97.875
447,97.893
446,97.882
445,97.851
444,97.814
443,97.764
442,97.695
441,97.636
440,97.619
439,97.636
438,97.667
437,97.714
436,97.789
435,97.868
434,97.925
433,97.97
432,98.027
431,98.088
430,98.137
429,98.189
428,98.261
427,98.324
426,98.344
425,98.335
424,98.345
423,98.391
422,98.466
421,98.589
420,98.766
419,98.904
418,98.898
417,98.822
416,98.784
415,98.777
414,98.759
413,98.744
412,98.77
411,98.809
410,98.8
409,98.76
408,98.762
407,98.813
406,98.855
405,98.88
404,98.922
403,98.965
402,98.954
401,98.908
400,98.891
399,98.882
398,98.805
397,98.724
396,98.773
395,98.911
394,99.015
393,99.066
392,99.12
391,99.129
390,99.029
389,98.902
388,98.879
387,98.919
386,98.872
385,98.761
384,98.782
383,98.905
382,98.92
381,98.853
380,98.926
