Wavenumber [cm-1],Raman Intensity
160.07,21367.67
162.55,21732.33
165.03,21996.67
167.5,22358.33
169.97,22532
172.45,22799
174.92,23039
177.39,23241.33
179.86,23538
182.33,23705
184.8,24024
187.27,24227
189.74,24398.33
192.2,24650
194.67,24723.67
197.14,24873.33
199.6,24973
202.06,24964
204.53,24993
206.99,25063.33
209.45,24606.8
211.91,24717.63
214.37,24817.02
216.83,24910.42
219.29,24996.29
221.74,25077.37
224.2,25150.11
226.65,25217.75
229.11,25278.8
231.56,25333.19
234.02,25385.96
236.47,25430.55
238.92,25469.36
241.37,25504.29
243.82,25532.47
246.27,25558.21
248.72,25578.91
251.16,25597
253.61,25616.46
256.06,25633.85
258.5,25649.64
260.95,25663.68
263.39,25673.78
265.83,25686.11
268.27,25702.45
270.71,25715.13
273.15,25727.33
275.59,25741.46
278.03,25752.99
280.47,25764.15
282.91,25772.67
285.34,25777.24
287.78,25782.63
290.21,25784.51
292.64,25785.31
295.08,25784.92
297.51,25781.96
299.94,25779.25
302.37,25773.97
304.8,25768.24
307.23,25761.77
309.66,25757.98
312.08,25750.95
314.51,25746.2
316.94,25740.38
319.36,25733.6
321.78,25729.84
324.21,25725.89
326.63,25721.63
329.05,25720.44
331.47,25717.78
333.89,25714.49
336.31,25710.39
338.73,25709.62
341.15,25706.91
343.56,25705.41
345.98,25704.91
348.39,25706.74
350.81,25707.63
353.22,25706.67
355.63,25707.23
358.04,25703.97
360.46,25701.76
362.87,25702.28
365.27,25700.91
367.68,25696.65
370.09,25693.86
372.5,25688.51
374.9,25680.07
377.31,25669.32
379.71,25661.76
382.12,25653.65
384.52,25647.02
386.92,25634.76
389.32,25627.89
391.72,25621.36
394.12,25614.93
396.52,25605.3
398.92,25598.17
401.32,25592.32
403.71,25586.76
406.11,25579.49
408.5,25570.55
410.9,25564.9
413.29,25556.11
415.68,25547.44
418.07,25536.85
420.46,25524.8
422.85,25514.55
425.24,25500.58
427.63,25485.67
430.02,25472.04
432.4,25454.95
434.79,25437.98
437.17,25421.16
439.56,25403.76
441.94,25385.37
444.32,25366.76
446.71,25348.71
449.09,25331.56
451.47,25313.09
453.85,25294.58
456.22,25278.25
458.6,25259.8
460.98,25242.46
463.35,25223.63
465.73,25208.89
468.1,25192.36
470.48,25177.15
472.85,25162.78
475.22,25145.93
477.59,25125.76
479.96,25106.68
482.33,25084.5
484.7,25067.64
487.07,25044.72
489.44,25019.31
491.8,24995.67
494.17,24973.41
496.53,24947.76
498.9,24923.21
501.26,24896.98
503.62,24871.24
505.98,24845.37
508.34,24820.69
510.7,24797.03
513.06,24772.57
515.42,24748.91
517.78,24723.13
520.14,24697.66
522.49,24673.15
524.85,24650.09
527.2,24622.65
529.55,24596.14
531.91,24572.48
534.26,24543.87
536.61,24517.93
538.96,24489.96
541.31,24459.78
543.66,24427.01
546,24393.09
548.35,24361.12
550.7,24327.97
553.04,24296.28
555.39,24267.85
557.73,24237.2
560.07,24203.06
562.41,24166.53
564.76,24132.43
567.1,24095.9
569.44,24060.25
571.77,24028.87
574.11,23997.38
576.45,23964.11
578.79,23933.69
581.12,23898.43
583.46,23866.74
585.79,23836.32
588.12,23802.05
590.46,23769.63
592.79,23736.89
595.12,23703.77
597.45,23670.85
599.78,23639.72
602.1,23606.11
604.43,23569.17
606.76,23535.03
609.08,23502.72
611.41,23469.72
613.73,23435.32
616.06,23400.41
618.38,23366.93
620.7,23331
623.02,23296.69
625.34,23261.15
627.66,23224.32
629.98,23187.61
632.3,23151.63
634.61,23116.6
636.93,23084.21
639.25,23052.85
641.56,23020.67
643.87,22988.63
646.19,22957.13
648.5,22924.07
650.81,22890.87
653.12,22857.23
655.43,22828.09
657.74,22797.82
660.05,22765.47
662.35,22735.33
664.66,22700.75
666.97,22668.18
669.27,22633.33
671.57,22599.41
673.88,22567.34
676.18,22536.73
678.48,22501.4
680.78,22466.47
683.08,22433.66
685.38,22400.23
687.68,22367.25
689.98,22332.78
692.27,22295.33
694.57,22257.94
696.86,22221.23
699.16,22186.38
701.45,22150.14
703.74,22113.54
706.04,22077.88
708.33,22042.85
710.62,22010.37
712.91,21974.59
715.2,21940.25
717.48,21907.15
719.77,21875.8
722.06,21846.34
724.34,21817.7
726.63,21786.3
728.91,21754.86
731.19,21723.66
733.48,21688.21
735.76,21656.47
738.04,21624.52
740.32,21590.54
742.6,21558.2
744.87,21524.54
747.15,21491.55
749.43,21458.32
751.7,21425.97
753.98,21393.5
756.25,21359.5
758.53,21328.67
760.8,21293.39
763.07,21261.28
765.34,21228.57
767.61,21192.03
769.88,21158.54
772.15,21127.71
774.42,21094.7
776.68,21061.48
778.95,21026.34
781.21,20992.61
783.48,20959.72
785.74,20930.27
788,20901.29
790.27,20872.65
792.53,20844.53
794.79,20815.54
797.05,20785.15
799.31,20752.63
801.56,20723.63
803.82,20693.08
806.08,20665.31
808.33,20636.84
810.59,20606.37
812.84,20575.72
815.1,20542.43
817.35,20510.61
819.6,20479.99
821.85,20451.26
824.1,20419.22
826.35,20391.31
828.6,20361.1
830.84,20328.77
833.09,20299.23
835.34,20269.07
837.58,20237.86
839.83,20207.82
842.07,20174.08
844.31,20140.41
846.55,20106.79
848.8,20074.73
851.04,20043.84
853.27,20014.03
855.51,19984.87
857.75,19953.03
859.99,19920.64
862.22,19887.97
864.46,19854.07
866.69,19823.7
868.93,19794.37
871.16,19765.3
873.39,19738.11
875.63,19710.15
877.86,19681.69
880.09,19650.52
882.31,19620.25
884.54,19585.5
886.77,19555.23
889,19527.37
891.22,19500.49
893.45,19470.91
895.67,19437.1
897.9,19403.63
900.12,19368.84
902.34,19337.85
904.56,19306.91
906.78,19276.13
909,19244.98
911.22,19211.32
913.44,19177.41
915.65,19142.29
917.87,19107.72
920.08,19072.59
922.3,19041.83
924.51,19012.63
926.73,18982.38
928.94,18953.12
931.15,18920.31
933.36,18890.98
935.57,18859.9
937.78,18830.02
939.99,18800.4
942.19,18769.52
944.4,18742.19
946.61,18711.59
948.81,18684.85
951.02,18656.81
953.22,18627.44
955.42,18599.54
957.62,18569.04
959.82,18536.72
962.02,18508.67
964.22,18478.64
966.42,18450.77
968.62,18420.71
970.82,18392.91
973.01,18367.5
975.21,18341.52
977.4,18312.67
979.6,18280.34
981.79,18250.91
983.98,18223.71
986.17,18199.57
988.36,18175.79
990.55,18151.37
992.74,18123.98
994.93,18096.76
997.12,18068.09
999.3,18040.19
1001.49,18016
1003.67,17989.98
1005.86,17968.46
1008.04,17946.67
1010.22,17925.13
1012.41,17899.29
1014.59,17870.76
1016.77,17842.56
1018.95,17816.85
1021.12,17794.17
1023.3,17771.83
1025.48,17750.92
1027.66,17729.32
1029.83,17707.22
1032.01,17683.46
1034.18,17656.41
1036.35,17629.7
1038.52,17604.11
1040.7,17579.59
1042.87,17557.57
1045.04,17533.13
1047.2,17510.25
1049.37,17489.76
1051.54,17464.52
1053.71,17437.79
1055.87,17409.15
1058.04,17382.88
1060.2,17356.34
1062.36,17329.66
1064.53,17306.85
1066.69,17282.4
1068.85,17259.5
1071.01,17234.98
1073.17,17205.92
1075.33,17177.28
1077.49,17147.89
1079.64,17120.38
1081.8,17094.34
1083.95,17067.75
1086.11,17044.33
1088.26,17019.59
1090.42,16992.33
1092.57,16966.58
1094.72,16940.03
1096.87,16912.35
1099.02,16883.95
1101.17,16857.94
1103.32,16833.56
1105.47,16810.67
1107.61,16785.25
1109.76,16759.76
1111.9,16734.42
1114.05,16709.17
1116.19,16684.07
1118.33,16658.33
1120.47,16632.59
1122.62,16607.93
1124.76,16584.44
1126.9,16559.48
1129.03,16537.32
1131.17,16512.61
1133.31,16489.28
1135.45,16466.33
1137.58,16440.14
1139.72,16415.62
1141.85,16393.72
1143.98,16371.11
1146.12,16349.05
1148.25,16327.98
1150.38,16304.76
1152.51,16282.69
1154.64,16262.61
1156.77,16241.61
1158.89,16220.07
1161.02,16200.07
1163.15,16180.9
1165.27,16162.41
1167.4,16141.42
1169.52,16122.69
1171.64,16104.88
1173.76,16084.82
1175.88,16064.76
1178.01,16044.8
1180.13,16025.98
1182.24,16008.19
1184.36,15988.15
1186.48,15970.76
1188.6,15952.07
1190.71,15933.37
1192.83,15913.47
1194.94,15895.65
1197.05,15876.63
1199.17,15858.54
1201.28,15840.53
1203.39,15823.8
1205.5,15806.44
1207.61,15791.15
1209.72,15774.85
1211.82,15757.27
1213.93,15737.54
1216.04,15717.29
1218.14,15698.33
1220.25,15680.31
1222.35,15661.28
1224.45,15645.26
1226.56,15628.33
1228.66,15608.59
1230.76,15588.81
1232.86,15571.14
1234.96,15549.89
1237.06,15529.05
1239.15,15506.91
1241.25,15486.07
1243.35,15465.85
1245.44,15445.53
1247.54,15426.82
1249.63,15407.84
1251.72,15389.52
1253.81,15373.8
1255.91,15353.41
1258,15331.75
1260.09,15310.98
1262.17,15290.23
1264.26,15270.63
1266.35,15250.67
1268.44,15229.02
1270.52,15208.95
1272.61,15188.33
1274.69,15167.7
1276.77,15146.15
1278.86,15125.37
1280.94,15103.65
1283.02,15082.46
1285.1,15058.19
1287.18,15034.9
1289.26,15010.96
1291.34,14988.51
1293.41,14965
1295.49,14942.35
1297.56,14921.97
1299.64,14902.7
1301.71,14882.33
1303.79,14857.6
1305.86,14834.64
1307.93,14811.12
1310,14785.75
1312.07,14760.59
1314.14,14737.94
1316.21,14716.2
1318.28,14691.69
1320.34,14670.05
1322.41,14647.03
1324.47,14623.68
1326.54,14598.28
1328.6,14574.28
1330.66,14550.96
1332.73,14526.33
1334.79,14500.7
1336.85,14476.2
1338.91,14451.76
1340.97,14428.91
1343.03,14406.9
1345.08,14384.15
1347.14,14362.11
1349.19,14339.24
1351.25,14315.96
1353.3,14292.91
1355.36,14269.37
1357.41,14246.51
1359.46,14222.05
1361.51,14197.22
1363.56,14172.69
1365.61,14148.01
1367.66,14121.76
1369.71,14097.87
1371.76,14072.09
1373.8,14045.72
1375.85,14020.77
1377.89,13996.61
1379.94,13972.46
1381.98,13949.71
1384.02,13924.84
1386.07,13899.59
1388.11,13879.34
1390.15,13857.78
1392.19,13835.8
1394.22,13813.98
1396.26,13792.29
1398.3,13772.07
1400.34,13750.81
1402.37,13729.2
1404.41,13706.89
1406.44,13687.09
1408.47,13666.34
1410.51,13644.02
1412.54,13623.15
1414.57,13602.21
1416.6,13580.89
1418.63,13559.59
1420.66,13538.25
1422.68,13515.22
1424.71,13494.2
1426.74,13471.67
1428.76,13449.73
1430.79,13425.23
1432.81,13400.73
1434.83,13375.35
1436.85,13349.07
1438.88,13323.63
1440.9,13297.65
1442.92,13273.33
1444.94,13247.35
1446.95,13221.73
1448.97,13196.89
1450.99,13173.1
1453,13146.45
1455.02,13120.67
1457.03,13094.37
1459.05,13067.89
1461.06,13040.91
1463.07,13014.1
1465.08,12985.43
1467.09,12960.31
1469.1,12934.2
1471.11,12907.07
1473.12,12879.04
1475.13,12850.22
1477.13,12822.23
1479.14,12795.29
1481.15,12765.58
1483.15,12735.95
1485.15,12706.18
1487.16,12675.81
1489.16,12644.63
1491.16,12614.76
1493.16,12586.12
1495.16,12556.11
1497.16,12525.85
1499.16,12496.6
1501.15,12468.21
1503.15,12438.62
1505.15,12411.2
1507.14,12382.24
1509.14,12355.8
1511.13,12327.46
1513.12,12301.02
1515.11,12275.5
1517.1,12249.23
1519.09,12224.43
1521.08,12199.76
1523.07,12173.29
1525.06,12146.94
1527.05,12121.06
1529.03,12095.67
1531.02,12067.3
1533.01,12039.55
1534.99,12014.4
1536.97,11988.58
1538.96,11963.2
1540.94,11936.51
1542.92,11909.33
1544.9,11882.26
1546.88,11856.02
1548.86,11830.24
1550.84,11805.35
1552.81,11780.98
1554.79,11755.43
1556.76,11732.8
1558.74,11709.53
1560.71,11685.49
1562.69,11660.97
1564.66,11636.06
1566.63,11613.12
1568.6,11590.38
1570.57,11566.94
1572.54,11542.29
1574.51,11516.68
1576.48,11490.2
1578.45,11464.41
1580.41,11438.54
1582.38,11413.34
1584.34,11385.53
1586.31,11357.79
1588.27,11330.95
1590.23,11304.41
1592.19,11277.93
1594.16,11252.01
1596.12,11225.5
1598.07,11201.58
1600.03,11176.54
1601.99,11152.85
1603.95,11128.92
1605.9,11105.18
1607.86,11083.03
1609.82,11060.24
1611.77,11037.55
1613.72,11015.09
1615.68,10992.76
1617.63,10968.51
1619.58,10944.62
1621.53,10920.62
1623.48,10897.28
1625.43,10872
1627.37,10847.6
1629.32,10821.56
1631.27,10795.12
1633.21,10767.86
1635.16,10742.83
1637.1,10716.94
1639.05,10690.93
1640.99,10666.84
1642.93,10641.99
1644.87,10617.4
1646.81,10592.92
1648.75,10568.61
1650.69,10543.5
1652.63,10518.44
1654.56,10494.04
1656.5,10469.2
1658.44,10443.33
1660.37,10416.73
1662.31,10388.55
1664.24,10362.15
1666.17,10334.05
1668.1,10304.34
1670.03,10274.37
1671.96,10246
1673.89,10217.12
1675.82,10188.81
1677.75,10158.78
1679.68,10130.28
1681.6,10100.41
1683.53,10073.4
1685.46,10045.36
1687.38,10018.5
1689.3,9990.85
1691.23,9962.54
1693.15,9934.98
1695.07,9906.91
1696.99,9881.4
1698.91,9854.77
1700.83,9827.16
1702.75,9798.65
1704.66,9770.68
1706.58,9741.2
1708.5,9711.31
1710.41,9683.02
1712.32,9654.21
1714.24,9624.17
1716.15,9593.79
1718.06,9566.36
1719.97,9535.96
1721.88,9507.59
1723.79,9480.33
1725.7,9452.3
1727.61,9424.55
1729.52,9398.71
1731.43,9373.75
1733.33,9349.79
1735.24,9325.17
1737.14,9301.15
1739.04,9278.54
1740.95,9256.67
1742.85,9233.71
1744.75,9210.79
1746.65,9188.11
1748.55,9163.67
1750.45,9138.36
1752.35,9114.24
1754.25,9088.38
1756.14,9063.59
1758.04,9036.83
1759.93,9010.45
1761.83,8982.13
1763.72,8954.73
1765.61,8927.33
1767.51,8900.38
1769.4,8876.28
1771.29,8850.7
1773.18,8824.33
1775.07,8801.36
1776.96,8778.32
1778.84,8754.59
1780.73,8731.73
1782.62,8710.58
1784.5,8689.56
1786.39,8667.95
1788.27,8646.17
1790.15,8624.21
1792.04,8602.2
1793.92,8579.24
1795.8,8554.13
1797.68,8528.51
1799.56,8504.52
1801.44,8479.55
1803.32,8453.83
1805.19,8427.62
1807.07,8401.28
1808.94,8374.84
1810.82,8348.02
1812.69,8323.24
1814.57,8297.77
1816.44,8273.67
1818.31,8249.28
1820.18,8225.88
1822.05,8202.25
1823.92,8180.33
1825.79,8159.11
1827.66,8138.91
1829.53,8118.25
1831.39,8098.1
1833.26,8075.53
1835.12,8053.62
1836.99,8032.33
1838.85,8009.56
1840.71,7987.19
1842.58,7964.28
1844.44,7939.05
1846.3,7913.73
1848.16,7889.38
1850.02,7866.4
1851.87,7840.58
1853.73,7815.05
1855.59,7792.46
1857.44,7769.27
1859.3,7746.41
1861.15,7722.67
1863.01,7700.89
1864.86,7678.11
1866.71,7655.72
1868.56,7635.37
1870.41,7614.33
1872.26,7592.5
1874.11,7571.9
1875.96,7549.11
1877.81,7528.66
1879.66,7507.31
1881.5,7484.82
1883.35,7463.65
1885.19,7439.88
1887.04,7417.5
1888.88,7395.41
1890.72,7374.72
1892.56,7352.28
1894.41,7328.45
1896.25,7305.81
1898.09,7284.68
1899.92,7261.87
1901.76,7240.66
1903.6,7219.21
1905.44,7195.96
1907.27,7174.15
1909.11,7152.51
1910.94,7131.61
1912.77,7109.45
1914.61,7089.11
1916.44,7066.97
1918.27,7045.46
1920.1,7024.59
1921.93,7005.27
1923.76,6984.72
1925.59,6962.59
1927.41,6940.13
1929.24,6918.29
1931.07,6895.73
1932.89,6874.04
1934.72,6852.57
1936.54,6829.93
1938.36,6807.13
1940.19,6785.57
1942.01,6764.72
1943.83,6743.24
1945.65,6723.17
1947.47,6703.19
1949.29,6683.2
1951.1,6663.65
1952.92,6642.3
1954.74,6621.96
1956.55,6603.07
1958.37,6581.63
1960.18,6563.86
1961.99,6544.66
1963.81,6523.15
1965.62,6499.63
1967.43,6478.38
1969.24,6457.65
1971.05,6436.28
1972.86,6413.84
1974.67,6391.82
1976.47,6367.59
1978.28,6344.85
1980.09,6324.24
1981.89,6302.33
1983.7,6282.1
1985.5,6262.57
1987.3,6243.27
1989.11,6224.14
1990.91,6206.64
1992.71,6187.21
1994.51,6168.66
1996.31,6147.3
1998.11,6128.86
1999.9,6109.41
2001.7,6089.12
2003.5,6068.37
2005.29,6048.42
2007.09,6027.88
2008.88,6006.59
2010.67,5986.15
2012.47,5963.52
2014.26,5942.05
2016.05,5918.82
2017.84,5895.83
2019.63,5873.63
2021.42,5851.42
2023.21,5830.74
2024.99,5809.79
2026.78,5789.65
2028.57,5770.02
2030.35,5752.64
2032.14,5734.25
2033.92,5714.87
2035.7,5695.24
2037.48,5676.67
2039.27,5659.02
2041.05,5639.26
2042.83,5619.86
2044.61,5599.86
2046.38,5579.5
2048.16,5559.32
2049.94,5540.58
2051.71,5519.34
2053.49,5497.39
2055.27,5476.82
2057.04,5456.07
2058.81,5435.1
2060.59,5415.56
2062.36,5395.53
2064.13,5375.72
2065.9,5356.74
2067.67,5337.54
2069.44,5320.06
2071.21,5300.63
2072.97,5283.46
2074.74,5266.49
2076.51,5249.37
2078.27,5231.27
2080.04,5212.54
2081.8,5194.5
2083.56,5176.51
2085.32,5158.72
2087.09,5139.94
2088.85,5122.21
2090.61,5103.62
2092.37,5085.14
2094.12,5065.95
2095.88,5046.3
2097.64,5027.04
2099.4,5008.12
2101.15,4989.63
2102.91,4969.46
2104.66,4950.67
2106.41,4932.27
2108.17,4914.17
2109.92,4895.77
2111.67,4878.6
2113.42,4861.28
2115.17,4843.72
2116.92,4826.51
2118.67,4809.68
2120.42,4794.04
2122.16,4777.07
2123.91,4760.6
2125.65,4744.38
2127.4,4727.11
2129.14,4710.71
2130.89,4692.27
2132.63,4673.67
2134.37,4654.93
2136.11,4636.66
2137.85,4617.25
2139.59,4599.12
2141.33,4581.2
2143.07,4562.78
2144.81,4544.73
2146.54,4526.44
2148.28,4510.09
2150.01,4492.62
2151.75,4476.99
2153.48,4459.15
2155.22,4442.63
2156.95,4427.85
2158.68,4412.58
2160.41,4397.81
2162.14,4383.47
2163.87,4367.4
2165.6,4352.18
2167.33,4336.41
2169.05,4321.33
2170.78,4304.97
2172.51,4287.63
2174.23,4270.76
2175.96,4253.22
2177.68,4234.94
2179.4,4217.58
2181.12,4199.74
2182.85,4181.51
2184.57,4163.4
2186.29,4146.4
2188.01,4129.41
2189.72,4113.35
2191.44,4097.33
2193.16,4081.4
2194.87,4065.96
2196.59,4051.35
2198.31,4036.9
2200.02,4020.8
2201.73,4005.75
2203.45,3990.24
2205.16,3975.96
2206.87,3961.77
2208.58,3948.28
2210.29,3933.14
2212,3916.78
2213.71,3900.36
2215.41,3883.95
2217.12,3869.29
2218.83,3852.89
2220.53,3836.92
2222.24,3820.38
2223.94,3806.04
2225.64,3791.06
2227.35,3775.82
2229.05,3760.55
2230.75,3745.48
2232.45,3728.93
2234.15,3714.29
2235.85,3699.66
2237.55,3684.87
2239.24,3669.91
2240.94,3655.33
2242.64,3641.54
2244.33,3627.92
2246.03,3614.45
2247.72,3601.21
2249.41,3587.22
2251.11,3573.15
2252.8,3558.84
2254.49,3545.68
2256.18,3532.46
2257.87,3519.8
2259.56,3506.01
2261.25,3492.25
2262.93,3478.26
2264.62,3464.58
2266.31,3450.37
2267.99,3435.59
2269.68,3422.28
2271.36,3409.92
2273.04,3397.46
2274.73,3383.81
2276.41,3370.64
2278.09,3358.02
2279.77,3345.7
2281.45,3333.85
2283.13,3322.36
2284.8,3309.56
2286.48,3296.04
2288.16,3282.62
2289.83,3270.37
2291.51,3258.62
2293.18,3246.67
2294.86,3234.72
2296.53,3222.2
2298.2,3208.77
2299.88,3195.9
2301.55,3184.21
2303.22,3172.3
2304.89,3160.5
2306.55,3149.05
2308.22,3138.1
2309.89,3126.79
2311.56,3115.44
2313.22,3103.53
2314.89,3092.41
2316.55,3081.37
2318.22,3070.61
2319.88,3060.53
2321.54,3050
2323.2,3038.74
2324.86,3027.69
2326.52,3017.71
2328.18,3008.12
2329.84,2997.02
2331.5,2986.44
2333.16,2974.88
2334.81,2963.33
2336.47,2953.62
2338.12,2942.6
2339.78,2931.51
2341.43,2920.45
2343.09,2910.98
2344.74,2899.72
2346.39,2887.74
2348.04,2877.1
2349.69,2865.59
2351.34,2854.59
2352.99,2845.24
2354.64,2836.37
2356.28,2826.67
2357.93,2817.01
2359.58,2806.52
2361.22,2795.37
2362.87,2783.9
2364.51,2773.99
2366.15,2763.31
2367.8,2752.15
2369.44,2740.99
2371.08,2730.36
2372.72,2719.67
2374.36,2709.32
2376,2698.11
2377.64,2685.91
2379.27,2674.81
2380.91,2663.58
2382.55,2652.11
2384.18,2641.01
2385.82,2629.69
2387.45,2619.05
2389.08,2609.6
2390.71,2599.14
2392.35,2589.19
2393.98,2577.41
2395.61,2565.77
2397.24,2555.71
2398.87,2545.63
2400.49,2534.63
2402.12,2524.77
2403.75,2514.29
2405.37,2504.69
2407,2494.14
2408.62,2483.54
2410.25,2472.31
2411.87,2460.73
2413.49,2450.58
2415.12,2439.74
2416.74,2429.78
2418.36,2419.41
2419.98,2407.99
2421.6,2396.46
2423.21,2386.55
2424.83,2376.48
2426.45,2366.15
2428.07,2355.56
2429.68,2345.91
2431.3,2334.96
2432.91,2326.39
2434.52,2317.41
2436.14,2308.93
2437.75,2298.56
2439.36,2289.6
2440.97,2279.22
2442.58,2269.85
2444.19,2261.66
2445.8,2252
2447.4,2242.5
2449.01,2233.46
2450.62,2224.43
2452.22,2215.74
2453.83,2206.16
2455.43,2195.02
2457.04,2184.56
2458.64,2173.63
2460.24,2164.08
2461.84,2155.21
2463.44,2145.63
2465.04,2135.51
2466.64,2127.32
2468.24,2118.33
2469.84,2109.46
2471.44,2100.43
2473.03,2090.89
2474.63,2081.65
2476.22,2072.63
2477.82,2064.75
2479.41,2056.07
2481,2048.07
2482.6,2039.36
2484.19,2030.72
2485.78,2023.1
2487.37,2013.93
2488.96,2005.08
2490.55,1995.6
2492.14,1987.54
2493.72,1979.33
2495.31,1969.52
2496.9,1960.3
2498.48,1951.8
2500.07,1942.82
2501.65,1933.4
2503.23,1924.41
2504.82,1913.5
2506.4,1905.59
2507.98,1896.56
2509.56,1888.44
2511.14,1880.73
2512.72,1873.15
2514.3,1864.5
2515.87,1856.25
2517.45,1847.51
2519.03,1839.91
2520.6,1833.86
2522.18,1828.08
2523.75,1821.49
2525.32,1813.19
2526.9,1804.95
2528.47,1796.94
2530.04,1788.98
2531.61,1781.94
2533.18,1773.66
2534.75,1765.59
2536.32,1758.01
2537.89,1750.94
2539.45,1744.26
2541.02,1736.11
2542.59,1727.91
2544.15,1720.26
2545.72,1711.64
2547.28,1703.46
2548.84,1696.95
2550.41,1689.33
2551.97,1683.25
2553.53,1676.08
2555.09,1669.97
2556.65,1662.72
2558.21,1655.19
2559.76,1648.76
2561.32,1642.76
2562.88,1635.63
2564.43,1629.08
2565.99,1622.6
2567.54,1616.93
2569.1,1612.15
2570.65,1605.34
2572.2,1597.71
2573.76,1591.26
2575.31,1584.72
2576.86,1577.1
2578.41,1571.14
2579.96,1564.6
2581.51,1559.18
2583.05,1552.46
2584.6,1544.76
2586.15,1537.15
2587.69,1529.82
2589.24,1523.64
2590.78,1517.31
2592.33,1509.89
2593.87,1503.82
2595.41,1497.88
2596.95,1491.43
2598.49,1484.52
2600.03,1476.62
2601.57,1470.59
2603.11,1464.62
2604.65,1458.89
2606.19,1454.07
2607.72,1447.36
2609.26,1442.09
2610.8,1436.11
2612.33,1429.29
2613.86,1421.72
2615.4,1415.23
2616.93,1409.5
2618.46,1402.42
2619.99,1395.11
2621.52,1389.01
2623.05,1382.98
2624.58,1376.31
2626.11,1369.59
2627.64,1362.9
2629.17,1356.41
2630.69,1349.49
2632.22,1342.76
2633.74,1336.23
2635.27,1331.63
2636.79,1324.41
2638.32,1318.04
2639.84,1311.95
2641.36,1304.89
2642.88,1299.02
2644.4,1292.32
2645.92,1286.24
2647.44,1280.97
2648.96,1274.86
2650.47,1269.52
2651.99,1264.17
2653.51,1258.34
2655.02,1253.72
2656.54,1248.64
2658.05,1241.98
2659.57,1237.06
2661.08,1232.07
2662.59,1227.05
2664.1,1220.8
2665.61,1213.28
2667.12,1207.05
2668.63,1201.2
2670.14,1196.14
2671.65,1189.92
2673.16,1185.07
2674.66,1179.37
2676.17,1174.89
2677.67,1169.51
2679.18,1162.9
2680.68,1158.22
2682.18,1153.85
2683.69,1149.52
2685.19,1144.08
2686.69,1138.3
2688.19,1133.41
2689.69,1129.36
2691.19,1125.3
2692.69,1120.14
2694.19,1114.93
2695.68,1109.47
2697.18,1104.39
2698.68,1099.43
2700.17,1095.06
2701.66,1090.85
2703.16,1086.07
2704.65,1080.26
2706.14,1074.59
2707.64,1069.93
2709.13,1065.13
2710.62,1060.25
2712.11,1055.12
2713.59,1049.84
2715.08,1044.15
2716.57,1039.21
2718.06,1034.41
2719.54,1029.71
2721.03,1024.34
2722.51,1018.27
2724,1013.54
2725.48,1009.79
2726.96,1005.93
2728.45,1001.89
2729.93,996.33
2731.41,991.44
2732.89,987.15
2734.37,982.54
2735.85,977.64
2737.33,973.63
2738.8,968.74
2740.28,964.77
2741.76,960.3
2743.23,955.54
2744.71,950.98
2746.18,946.5
2747.65,942.33
2749.13,937.81
2750.6,932.39
2752.07,927.38
2753.54,922.89
2755.01,918.79
2756.48,914.11
2757.95,908.24
2759.42,903.25
2760.88,898.22
2762.35,893.64
2763.82,889.73
2765.28,885.61
2766.75,882.63
2768.21,877.8
2769.67,873.17
2771.14,869.82
2772.6,865.54
2774.06,861.31
2775.52,857.7
2776.98,853
2778.44,848.39
2779.9,844.82
2781.35,840.41
2782.81,837.64
2784.27,833.6
2785.72,828.9
2787.18,825.22
2788.63,820.22
2790.09,816.78
2791.54,812.88
2792.99,808.24
2794.45,804.06
2795.9,800.1
2797.35,796.26
2798.8,792.16
2800.25,788.41
2801.69,784.28
2803.14,780.18
2804.59,776.11
2806.04,773.13
2807.48,770.59
2808.93,766.89
2810.37,763.8
2811.81,760.21
2813.26,756.55
2814.7,753.22
2816.14,750.28
2817.58,747.91
2819.02,745.96
2820.46,742.36
2821.9,739.21
2823.34,736.86
2824.78,734.25
2826.22,730.79
2827.65,727.83
2829.09,724.28
2830.52,721.15
2831.96,718.7
2833.39,715.89
2834.82,713.62
2836.26,711.88
2837.69,709.57
2839.12,706.37
2840.55,704.06
2841.98,701.04
2843.41,699.11
2844.84,696.72
2846.27,694.55
2847.69,693.48
2849.12,691.21
2850.55,689.58
2851.97,688.71
2853.39,686.47
2854.82,684.41
2856.24,681.41
2857.66,680.03
2859.09,678.69
2860.51,677.61
2861.93,676.38
2863.35,674.46
2864.77,672.65
2866.19,670.54
2867.6,669.21
2869.02,667.41
2870.44,665.84
2871.85,664.4
2873.27,660.98
2874.68,659.69
2876.1,657.67
2877.51,656.44
2878.92,656.07
2880.33,654.49
2881.74,652.49
2883.16,650.46
2884.57,648.26
2885.97,646.94
2887.38,645.8
2888.79,643.56
2890.2,642.72
2891.6,641.94
2893.01,640.22
2894.42,639.19
2895.82,637.66
2897.22,636.26
2898.63,635.04
2900.03,634.02
2901.43,633.2
2902.83,633.28
2904.23,632.1
2905.63,630.75
2907.03,630.11
2908.43,629.11
2909.83,627.5
2911.23,626.7
2912.62,626.01
2914.02,626.5
2915.42,625.31
2916.81,623.71
2918.2,622.02
2919.6,620.62
2920.99,620.2
2922.38,618.89
2923.77,616.62
2925.16,614.76
2926.55,612.95
2927.94,610.49
2929.33,608.67
2930.72,608.09
2932.11,606.46
2933.5,605.6
2934.88,603.37
2936.27,600.72
2937.65,597.78
2939.04,594.58
2940.42,592.58
2941.8,590.13
2943.18,587.42
2944.57,584.81
2945.95,582.73
2947.33,579.07
2948.71,575.76
2950.09,572.12
2951.46,567.93
2952.84,563.73
2954.22,560.4
2955.6,556.56
2956.97,553.22
2958.35,549.24
2959.72,544.41
2961.09,540.43
2962.47,536.15
2963.84,531.03
2965.21,526
2966.58,521.63
2967.95,517.33
2969.32,512.95
2970.69,507.24
2972.06,502.77
2973.43,498.07
2974.8,493.83
2976.16,489.37
2977.53,484.23
2978.89,478.83
2980.26,474.49
2981.62,469.22
2982.98,464.54
2984.35,460.17
2985.71,456.07
2987.07,452.09
2988.43,447.54
2989.79,442.04
2991.15,436.12
2992.51,431.27
2993.87,427.46
2995.22,423.63
2996.58,419.87
2997.94,415.65
2999.29,411.76
3000.65,407.64
3002,403.17
3003.36,398.69
3004.71,394.28
3006.06,389.81
3007.41,385.6
3008.76,382.48
3010.11,378.24
3011.46,374.3
3012.81,370.15
3014.16,365.79
3015.51,361.89
3016.85,357.59
3018.2,354.3
3019.55,351.07
3020.89,347.48
3022.24,343.3
3023.58,339.78
3024.92,336.06
3026.27,332.92
3027.61,329.61
3028.95,326.82
3030.29,322.92
3031.63,319.17
3032.97,315.46
3034.31,312.73
3035.65,310.53
3036.98,308.06
3038.32,305
3039.66,302.02
3040.99,298.59
3042.33,295.85
3043.66,293.2
3044.99,290.8
3046.33,289.37
3047.66,286.93
3048.99,284.33
3050.32,281.8
3051.65,278.72
3052.98,276.7
3054.31,274.24
3055.64,271.37
3056.96,269.39
3058.29,267.14
3059.62,265.54
3060.94,264.16
3062.27,261.76
3063.59,260.23
3064.92,258.24
3066.24,256.37
3067.56,254.19
3068.88,252.1
3070.21,250.39
3071.53,249.25
3072.85,247.06
3074.17,245.46
3075.48,243.54
3076.8,242.02
3078.12,240.13
3079.44,237.91
3080.75,235.34
3082.07,233.02
3083.38,231.28
3084.7,229.46
3086.01,227.94
3087.32,226.64
3088.64,224.59
3089.95,222.11
3091.26,220.72
3092.57,219.46
3093.88,217.87
3095.19,216.07
3096.5,214.31
3097.8,211.91
3099.11,210.16
3100.42,208.8
3101.72,207.53
3103.03,206.3
3104.33,204.49
3105.64,202.94
3106.94,200.73
3108.24,198.87
3109.54,197.41
3110.84,195.71
3112.15,194.21
3113.45,192.52
3114.75,191.41
3116.04,190.54
3117.34,188.54
3118.64,186.64
3119.94,185.02
3121.23,183.65
3122.53,182.02
3123.82,179.67
3125.12,177.29
3126.41,175.7
3127.7,174.11
3129,173.18
3130.29,171.91
3131.58,170.62
3132.87,169.54
3134.16,168.84
3135.45,166.86
3136.74,164.39
3138.03,163.25
3139.31,161.67
3140.6,160.24
3141.89,158.93
3143.17,157.59
3144.46,155.63
3145.74,153.77
3147.02,152.97
3148.31,152.11
3149.59,150.3
3150.87,150.05
3152.15,149.17
3153.43,147.1
3154.71,145.63
3155.99,143.76
3157.27,142.92
3158.55,142.9
3159.82,142.26
3161.1,140.96
3162.38,139.44
3163.65,138.03
3164.93,137.2
3166.2,136.24
3167.47,134.6
3168.75,132.96
3170.02,131.98
3171.29,131.67
3172.56,130.55
3173.83,129.05
3175.1,128
3176.37,126.67
3177.64,125.94
3178.91,124.28
3180.17,122.59
3181.44,120.85
3182.7,120.17
3183.97,119.01
3185.23,118.34
3186.5,116.75
3187.76,116.04
3189.02,115.76
3190.29,114.59
3191.55,133
3192.81,110.67
3194.07,99
3195.33,127.33
3196.59,126
3197.85,105
3199.1,97.67
3200.36,98
3201.62,89.33
3202.87,106.33
3204.13,81
3205.38,91.67
3206.63,87.33
3207.89,118
3209.14,108.67
3210.39,107.33
3211.64,78
3212.89,84.33
3214.14,96
3215.39,99.67
