Energy [keV],Net Count Rate
0,9180
0.02,7219
0.04,4669
0.06,2879
0.08,1300
0.1,317
0.12,51
0.14,15
0.16,8
0.18,5
0.2,1
0.22,3
0.241,4
0.261,2
0.281,2
0.301,1
0.321,1
0.341,3
0.361,0
0.381,1
0.401,0
0.421,0
0.441,1
0.461,1
0.481,2
0.501,0
0.521,0
0.541,1
0.561,1
0.581,0
0.601,2
0.621,24
0.641,265
0.661,913
0.682,1521
0.702,1975
0.722,2138
0.742,2121
0.762,2220
0.782,2298
0.802,2302
0.822,2484
0.842,2601
0.862,2712
0.882,2764
0.902,2703
0.922,2616
0.942,2443
0.962,2355
0.982,2230
1.002,2074
1.022,2108
1.042,2125
1.062,2189
1.082,2065
1.102,2102
1.123,2082
1.143,2016
1.163,2040
1.183,2003
1.203,1968
1.223,1908
1.243,1970
1.263,1882
1.283,1790
1.303,1788
1.323,1711
1.343,1809
1.363,1817
1.383,1786
1.403,1767
1.423,1833
1.443,1868
1.463,1914
1.483,1794
1.503,1822
1.523,1760
1.543,1714
1.564,1750
1.584,1696
1.604,1660
1.624,1730
1.644,1765
1.664,1782
1.684,1896
1.704,2046
1.724,2048
1.744,2113
1.764,2015
1.784,1967
1.804,1821
1.824,1906
1.844,1893
1.864,2031
1.884,2207
1.904,2484
1.924,2704
1.944,2872
1.964,2766
1.984,2726
2.005,2470
2.025,2256
2.045,2138
2.065,2001
2.085,1873
2.105,1940
2.125,1994
2.145,2072
2.165,2053
2.185,2202
2.205,2339
2.225,2781
2.245,3323
2.265,4085
2.285,4583
2.305,4948
2.325,4861
2.345,4459
2.365,4081
2.385,3577
2.405,3409
2.425,3328
2.445,3405
2.466,3729
2.486,4342
2.506,6236
2.526,9537
2.546,15570
2.566,24349
2.586,34809
2.606,44659
2.626,50318
2.646,51558
2.666,48585
2.686,41427
2.706,34157
2.726,27766
2.746,22843
2.766,20106
2.786,20165
2.806,21387
2.826,22324
2.846,22148
2.866,21012
2.886,19829
2.907,19278
2.927,19476
2.947,19838
2.967,18900
2.987,16966
3.007,14202
3.027,10562
3.047,7856
3.067,5801
3.087,4502
3.107,4052
3.127,4194
3.147,4262
3.167,4241
3.187,4428
3.207,4215
3.227,3933
3.247,3712
3.267,3591
3.287,3508
3.307,3581
3.327,3735
3.348,3669
3.368,3588
3.388,3579
3.408,3430
3.428,3305
3.448,3309
3.468,3272
3.488,3543
3.508,3821
3.528,4422
3.548,6195
3.568,10015
3.588,17085
3.608,29689
3.628,47906
3.648,69375
3.668,89385
3.688,101260
3.708,101260
3.728,87848
3.748,68533
3.768,46680
3.789,28473
3.809,16348
3.829,9136
3.849,5965
3.869,4914
3.889,5052
3.909,6198
3.929,8165
3.949,11145
3.969,14175
3.989,17552
4.009,19704
4.029,19987
4.049,18116
4.069,15098
4.089,11452
4.109,8450
4.129,6124
4.149,4824
4.169,3966
4.189,3665
4.209,3569
4.229,3586
4.25,3562
4.27,3625
4.29,3620
4.31,3638
4.33,3685
4.35,3721
4.37,3935
4.39,3977
4.41,4173
4.43,4445
4.45,4510
4.47,4607
4.49,4841
4.51,5032
4.53,4868
4.55,4762
4.57,4813
4.59,4484
4.61,4371
4.63,4433
4.65,4338
4.67,4469
4.691,4317
4.711,4436
4.731,4337
4.751,4410
4.771,4600
4.791,4554
4.811,4541
4.831,4740
4.851,4626
4.871,4807
4.891,4882
4.911,4917
4.931,5106
4.951,4925
4.971,5061
4.991,5082
5.011,5195
5.031,5133
5.051,5163
5.071,5287
5.091,5352
5.111,5386
5.132,5237
5.152,5500
5.172,5304
5.192,5485
5.212,5662
5.232,5574
5.252,5787
5.272,5783
5.292,6046
5.312,6056
5.332,6017
5.352,6353
5.372,6317
5.392,6384
5.412,6529
5.432,6669
5.452,6426
5.472,6609
5.492,6674
5.512,6680
5.532,6704
5.552,6751
5.573,6727
5.593,6840
5.613,7079
5.633,6880
5.653,7013
5.673,7284
5.693,7212
5.713,7301
5.733,7351
5.753,7398
5.773,7500
5.793,7659
5.813,8000
5.833,8271
5.853,8402
5.873,8411
5.893,8683
5.913,8767
5.933,8709
5.953,8819
5.973,8732
5.993,8583
6.014,8394
6.034,8700
6.054,8440
6.074,8506
6.094,8757
6.114,8955
6.134,8807
6.154,9124
6.174,9262
6.194,9757
6.214,9991
6.234,10770
6.254,11126
6.274,11959
6.294,13327
6.314,15117
6.334,17570
6.354,20053
6.374,22188
6.394,24061
6.414,24186
6.434,23637
6.454,21180
6.475,18748
6.495,16074
6.515,13648
6.535,11984
6.555,10942
6.575,10213
6.595,9802
6.615,9764
6.635,9630
6.655,9655
6.675,9876
6.695,9745
6.715,9936
6.735,10215
6.755,10095
6.775,10501
6.795,10475
6.815,10750
6.835,10819
6.855,11160
6.875,11048
6.895,11239
6.916,11557
6.936,11809
6.956,11874
6.976,12130
6.996,12639
7.016,12986
7.036,13085
7.056,13603
7.076,14054
7.096,13927
7.116,14118
7.136,14590
7.156,14855
7.176,15788
7.196,16756
7.216,17918
7.236,19230
7.256,20757
7.276,22289
7.296,23263
7.316,24270
7.336,25052
7.357,25444
7.377,26079
7.397,27173
7.417,28204
7.437,29422
7.457,29931
7.477,30054
7.497,29036
7.517,27125
7.537,23747
7.557,20757
7.577,17887
7.597,15096
7.617,13260
7.637,11951
7.657,11160
7.677,10797
7.697,10665
7.717,10654
7.737,10702
7.757,10738
7.777,10450
7.798,10685
7.818,10826
7.838,10897
7.858,11175
7.878,11185
7.898,11367
7.918,11930
7.938,12180
7.958,12372
7.978,12733
7.998,12836
8.018,13450
8.038,13858
8.058,13831
8.078,13924
8.098,13744
8.118,13748
8.138,13560
8.158,13118
8.178,13632
8.198,13432
8.218,13393
8.238,13393
8.259,13855
8.279,13693
8.299,13277
8.319,13197
8.339,12620
8.359,12478
8.379,11920
8.399,11582
8.419,11223
8.439,11224
8.459,11279
8.479,11086
8.499,11036
8.519,11341
8.539,11313
8.559,11345
8.579,11525
8.599,11474
8.619,11502
8.639,11757
8.659,11664
8.679,11649
8.7,11646
8.72,11619
8.74,11560
8.76,11582
8.78,11603
8.8,11704
8.82,11546
8.84,11625
8.86,11576
8.88,11748
8.9,11714
8.92,11650
8.94,11839
8.96,11773
8.98,11966
9,11784
9.02,11853
9.04,11777
9.06,11903
9.08,11722
9.1,11831
9.12,11879
9.141,11630
9.161,12167
9.181,11776
9.201,11980
9.221,12212
9.241,12138
9.261,12134
9.281,12103
9.301,12037
9.321,12208
9.341,12057
9.361,12341
9.381,12312
9.401,12334
9.421,12290
9.441,12312
9.461,12550
9.481,12148
9.501,12283
9.521,12294
9.541,12357
9.561,12411
9.582,12493
9.602,12251
9.622,12473
9.642,12572
9.662,12527
9.682,12643
9.702,12438
9.722,12644
9.742,12443
9.762,12459
9.782,12556
9.802,12479
9.822,12359
9.842,12783
9.862,12523
9.882,12483
9.902,12351
9.922,12542
9.942,12599
9.962,12686
9.982,12634
10.002,12539
10.022,12595
10.043,12720
10.063,12442
10.083,12432
10.103,12653
10.123,12589
10.143,12397
10.163,12462
10.183,12653
10.203,12460
10.223,12361
10.243,12456
10.263,12419
10.283,12490
10.303,12416
10.323,12686
10.343,12325
10.363,12634
10.383,12653
10.403,12557
10.423,12542
10.443,12472
10.463,12564
10.484,12634
10.504,12635
10.524,12621
10.544,12345
10.564,12468
10.584,12376
10.604,12682
10.624,12232
10.644,12542
10.664,12482
10.684,12623
10.704,12289
10.724,12640
10.744,12491
10.764,12387
10.784,12270
10.804,12424
10.824,12454
10.844,12463
10.864,12355
10.884,12287
10.904,12239
10.925,12260
10.945,12374
10.965,12356
10.985,12450
11.005,12233
11.025,12343
11.045,12130
11.065,12311
11.085,12169
11.105,12032
11.125,12186
11.145,12380
11.165,12074
11.185,12161
11.205,12007
11.225,12330
11.245,12309
11.265,12104
11.285,12138
11.305,12010
11.325,12075
11.345,11905
11.366,12141
11.386,11921
11.406,12119
11.426,11972
11.446,11958
11.466,11996
11.486,12065
11.506,11908
11.526,12087
11.546,12226
11.566,11951
11.586,11842
11.606,11907
11.626,12090
11.646,11804
11.666,11907
11.686,11800
11.706,11761
11.726,11786
11.746,11913
11.766,11863
11.786,11910
11.807,11933
11.827,12049
11.847,11952
11.867,12136
11.887,12228
11.907,12147
11.927,12235
11.947,12204
11.967,12241
11.987,11969
12.007,12079
12.027,12029
12.047,11820
12.067,11631
12.087,11584
12.107,11442
12.127,11405
12.147,11331
12.167,11525
12.187,11222
12.207,11337
12.227,11416
12.247,11330
12.268,11235
12.288,11417
12.308,11255
12.328,11144
12.348,11251
12.368,11122
12.388,11020
12.408,10968
12.428,11127
12.448,11141
12.468,11131
12.488,10842
12.508,10916
12.528,10827
12.548,10916
12.568,10936
12.588,10794
12.608,10762
12.628,10915
12.648,10824
12.668,10890
12.688,10634
12.709,10639
12.729,10753
12.749,10620
12.769,10728
12.789,10603
12.809,10515
12.829,10668
12.849,10612
12.869,10595
12.889,10291
12.909,10446
12.929,10277
12.949,10291
12.969,10197
12.989,10307
13.009,10396
13.029,10161
13.049,10228
13.069,10225
13.089,10096
13.109,9953
13.129,9958
13.15,9999
13.17,10041
13.19,10182
13.21,10089
13.23,10068
13.25,10033
13.27,9985
13.29,10005
13.31,10008
13.33,9944
13.35,9879
13.37,10004
13.39,9932
13.41,9833
13.43,9981
13.45,9666
13.47,9629
13.49,9496
13.51,9614
13.53,9477
13.55,9504
13.57,9693
13.591,9648
13.611,9644
13.631,9464
13.651,9261
13.671,9299
13.691,9297
13.711,9386
13.731,9363
13.751,9442
13.771,9335
13.791,9213
13.811,9469
13.831,9189
13.851,9148
13.871,9169
13.891,9095
13.911,9254
13.931,9088
13.951,9193
13.971,9204
13.991,9344
14.011,9377
14.032,9447
14.052,9733
14.072,9693
14.092,9977
14.112,10029
14.132,10374
14.152,10461
14.172,10394
14.192,10330
14.212,10292
14.232,10242
14.252,9972
14.272,9646
14.292,9297
14.312,9075
14.332,8852
14.352,8767
14.372,8658
14.392,8620
14.412,8382
14.432,8387
14.452,8277
14.472,8359
14.493,8373
14.513,8436
14.533,8207
14.553,8189
14.573,8181
14.593,8094
14.613,8065
14.633,8172
14.653,8141
14.673,8146
14.693,8136
14.713,7974
14.733,8121
14.753,8054
14.773,8099
14.793,7992
14.813,7976
14.833,7912
14.853,7985
14.873,7835
14.893,7858
14.913,7926
14.934,7771
14.954,7772
14.974,7759
14.994,7683
15.014,7655
15.034,7584
15.054,7630
15.074,7420
15.094,7573
15.114,7621
15.134,7562
15.154,7657
15.174,7480
15.194,7578
15.214,7580
15.234,7452
15.254,7309
15.274,7325
15.294,7378
15.314,7307
15.334,7350
15.354,7169
15.375,7273
15.395,7221
15.415,7169
15.435,7112
15.455,7031
15.475,7033
15.495,7167
15.515,7180
15.535,7110
15.555,7123
15.575,7001
15.595,7065
15.615,6898
15.635,6921
15.655,6838
15.675,6879
15.695,6859
15.715,6727
15.735,6851
15.755,6922
15.775,6841
15.795,6905
15.816,6935
15.836,6851
15.856,7072
15.876,6870
15.896,6738
15.916,6978
15.936,6926
15.956,6699
15.976,6609
15.996,6580
16.016,6492
16.036,6457
16.056,6508
16.076,6497
16.096,6322
16.116,6349
16.136,6406
16.156,6222
16.176,6324
16.196,6273
16.216,6380
16.236,6207
16.256,6175
16.277,6207
16.297,6148
16.317,6246
16.337,6178
16.357,6119
16.377,6164
16.397,6129
16.417,6168
16.437,6040
16.457,6132
16.477,6188
16.497,6184
16.517,5792
16.537,5974
16.557,5911
16.577,5985
16.597,5864
16.617,5757
16.637,5913
16.657,5817
16.677,5750
16.697,5768
16.718,5811
16.738,5666
16.758,5742
16.778,5831
16.798,5653
16.818,5645
16.838,5616
16.858,5680
16.878,5598
16.898,5843
16.918,5582
16.938,5596
16.958,5672
16.978,5560
16.998,5551
17.018,5572
17.038,5592
17.058,5550
17.078,5618
17.098,5626
17.118,5440
17.138,5535
17.159,5552
17.179,5351
17.199,5439
17.219,5500
17.239,5447
17.259,5630
17.279,5399
17.299,5407
17.319,5348
17.339,5515
17.359,5323
17.379,5282
17.399,5347
17.419,5354
17.439,5337
17.459,5327
17.479,5373
17.499,5432
17.519,5267
17.539,5420
17.559,5371
17.579,5357
17.6,5347
17.62,5333
17.64,5325
17.66,5392
17.68,5218
17.7,5361
17.72,5318
17.74,5227
17.76,5371
17.78,5384
17.8,5406
17.82,5453
17.84,5404
17.86,5391
17.88,5456
17.9,5355
17.92,5401
17.94,5434
17.96,5313
17.98,5462
18,5478
18.02,5576
18.04,5575
18.061,5711
18.081,5562
18.101,5701
18.121,5738
18.141,5727
18.161,5702
18.181,5708
18.201,5762
18.221,5897
18.241,5792
18.261,5888
18.281,6034
18.301,6159
18.321,6298
18.341,6226
18.361,6506
18.381,6549
18.401,6707
18.421,6816
18.441,7051
18.461,7304
18.481,7440
18.502,7759
18.522,8100
18.542,8292
18.562,8824
18.582,9325
18.602,9593
18.622,10173
18.642,10696
18.662,11136
18.682,11924
18.702,12626
18.722,13180
18.742,14140
18.762,14715
18.782,15540
18.802,16325
18.822,16716
18.842,17644
18.862,18200
18.882,18606
18.902,19039
18.922,19476
18.943,19954
18.963,20392
18.983,20311
19.003,20480
19.023,20682
19.043,20365
19.063,20018
19.083,19687
19.103,19325
19.123,18653
19.143,18210
19.163,17953
19.183,17040
19.203,16278
19.223,15550
19.243,14810
19.263,14008
19.283,13270
19.303,12810
19.323,11804
19.343,11066
19.363,10602
19.384,9878
19.404,9237
19.424,8684
19.444,8275
19.464,7853
19.484,7283
19.504,7177
19.524,6662
19.544,6456
19.564,6133
19.584,5865
19.604,5551
19.624,5472
19.644,5279
19.664,5187
19.684,4957
19.704,4769
19.724,4803
19.744,4524
19.764,4440
19.784,4434
19.804,4363
19.825,4232
19.845,4151
19.865,4201
19.885,4098
19.905,4106
19.925,4186
19.945,4111
19.965,4298
19.985,4521
20.005,4850
20.025,4919
20.045,5293
20.065,5491
20.085,5849
20.105,6160
20.125,6442
20.145,6862
20.165,6991
20.185,7035
20.205,7398
20.225,7378
20.245,7303
20.265,6790
20.286,6725
20.306,6365
20.326,6136
20.346,5524
20.366,5117
20.386,4747
20.406,4201
20.426,4021
20.446,3743
20.466,3551
20.486,3403
20.506,3294
20.526,3234
20.546,3273
20.566,3147
20.586,3205
20.606,3233
20.626,3239
20.646,3260
20.666,3173
20.686,3222
20.706,3395
20.727,3425
20.747,3311
20.767,3368
20.787,3524
20.807,3363
20.827,3627
20.847,3589
20.867,3773
20.887,3851
20.907,3829
20.927,4146
20.947,4251
20.967,4349
20.987,4505
21.007,4809
21.027,4949
21.047,5151
21.067,5206
21.087,5404
21.107,5559
21.127,5619
21.147,5654
21.168,5950
21.188,5958
21.208,5873
21.228,5985
21.248,5827
21.268,5758
21.288,5728
21.308,5328
21.328,5255
21.348,5124
21.368,4944
21.388,4693
21.408,4696
21.428,4482
21.448,4382
21.468,4323
21.488,4187
21.508,4017
21.528,3919
21.548,3887
21.568,3689
21.588,3690
21.609,3608
21.629,3528
21.649,3414
21.669,3362
21.689,3323
21.709,3173
21.729,3037
21.749,2988
21.769,3037
21.789,2916
21.809,2840
21.829,2845
21.849,2763
21.869,2656
21.889,2729
21.909,2638
21.929,2548
21.949,2610
21.969,2546
21.989,2431
22.009,2442
22.029,2331
22.05,2371
22.07,2371
22.09,2376
22.11,2289
22.13,2238
22.15,2245
22.17,2253
22.19,2283
22.21,2109
22.23,2206
22.25,2146
22.27,2146
22.29,2056
22.31,2154
22.33,2034
22.35,1928
22.37,2021
22.39,1987
22.41,1976
22.43,2046
22.45,1923
22.47,2058
22.49,1996
22.511,1957
22.531,1860
22.551,2043
22.571,1919
22.591,2022
22.611,2112
22.631,2065
22.651,2135
22.671,2168
22.691,2160
22.711,2228
22.731,2355
22.751,2217
22.771,2403
22.791,2293
22.811,2275
22.831,2151
22.851,2060
22.871,2016
22.891,1980
22.911,1936
22.931,1910
22.952,1826
22.972,1801
22.992,1659
23.012,1749
23.032,1731
23.052,1755
23.072,1770
23.092,1657
23.112,1724
23.132,1699
23.152,1709
23.172,1724
23.192,1703
23.212,1694
23.232,1686
23.252,1751
23.272,1676
23.292,1681
23.312,1670
23.332,1663
23.352,1562
23.372,1606
23.393,1589
23.413,1518
23.433,1572
23.453,1594
23.473,1555
23.493,1546
23.513,1649
23.533,1533
23.553,1545
23.573,1513
23.593,1604
23.613,1482
23.633,1545
23.653,1535
23.673,1605
23.693,1553
23.713,1625
23.733,1578
23.753,1668
23.773,1635
23.793,1613
23.813,1676
23.834,1682
23.854,1610
23.874,1590
23.894,1598
23.914,1593
23.934,1563
23.954,1541
23.974,1624
23.994,1549
24.014,1484
24.034,1486
24.054,1382
24.074,1434
24.094,1394
24.114,1409
24.134,1400
24.154,1374
24.174,1351
24.194,1429
24.214,1353
24.234,1387
24.254,1366
24.274,1364
24.295,1391
24.315,1383
24.335,1393
24.355,1332
24.375,1317
24.395,1335
24.415,1253
24.435,1309
24.455,1351
24.475,1285
24.495,1329
24.515,1269
24.535,1236
24.555,1299
24.575,1224
24.595,1268
24.615,1246
24.635,1292
24.655,1304
24.675,1230
24.695,1314
24.715,1220
24.736,1203
24.756,1246
24.776,1186
24.796,1206
24.816,1121
24.836,1228
24.856,1194
24.876,1154
24.896,1105
24.916,1180
24.936,1198
24.956,1177
24.976,1201
24.996,1144
25.016,1139
25.036,1153
25.056,1193
25.076,1165
25.096,1192
25.116,1159
25.136,1182
25.156,1174
25.177,1117
25.197,1185
25.217,1143
25.237,1192
25.257,1183
25.277,1150
25.297,1153
25.317,1173
25.337,1124
25.357,1163
25.377,1103
25.397,1101
25.417,1149
25.437,1032
25.457,1061
25.477,1111
25.497,1082
25.517,1002
25.537,1054
25.557,1085
25.577,1010
25.597,1020
25.618,1071
25.638,1060
25.658,1072
25.678,1044
25.698,1018
25.718,1003
25.738,1061
25.758,1003
25.778,966
25.798,1035
25.818,1013
25.838,970
25.858,958
25.878,990
25.898,961
25.918,935
25.938,980
25.958,953
25.978,1042
25.998,1022
26.018,1002
26.038,943
26.059,915
26.079,905
26.099,942
26.119,958
26.139,907
26.159,949
26.179,949
26.199,877
26.219,947
26.239,925
26.259,910
26.279,955
26.299,934
26.319,917
26.339,875
26.359,884
26.379,948
26.399,859
26.419,875
26.439,852
26.459,810
26.479,893
26.499,898
26.52,908
26.54,865
26.56,831
26.58,910
26.6,893
26.62,826
26.64,940
26.66,799
26.68,860
26.7,821
26.72,834
26.74,887
26.76,892
26.78,774
26.8,841
26.82,846
26.84,855
26.86,822
26.88,833
26.9,840
26.92,834
26.94,833
26.961,848
26.981,803
27.001,817
27.021,844
27.041,786
27.061,761
27.081,799
27.101,786
27.121,774
27.141,766
27.161,785
27.181,792
27.201,782
27.221,809
27.241,800
27.261,790
27.281,759
27.301,712
27.321,750
27.341,733
27.361,716
27.381,772
27.402,746
27.422,783
27.442,763
27.462,749
27.482,721
27.502,709
27.522,701
27.542,747
27.562,733
27.582,682
27.602,698
27.622,702
27.642,719
27.662,672
27.682,705
27.702,747
27.722,734
27.742,666
27.762,685
27.782,703
27.802,694
27.822,691
27.843,690
27.863,670
27.883,679
27.903,676
27.923,653
27.943,710
27.963,685
27.983,617
28.003,662
28.023,695
28.043,688
28.063,662
28.083,644
28.103,651
28.123,620
28.143,619
28.163,654
28.183,664
28.203,659
28.223,597
28.243,682
28.263,630
28.283,622
28.304,649
28.324,624
28.344,640
28.364,582
28.384,591
28.404,636
28.424,580
28.444,592
28.464,610
28.484,647
28.504,579
28.524,616
28.544,645
28.564,570
28.584,585
28.604,635
28.624,577
28.644,589
28.664,570
28.684,585
28.704,564
28.724,546
28.745,583
28.765,575
28.785,594
28.805,569
28.825,548
28.845,552
28.865,566
28.885,583
28.905,573
28.925,576
28.945,578
28.965,548
28.985,585
29.005,560
29.025,522
29.045,534
29.065,561
29.085,525
29.105,506
29.125,508
29.145,559
29.165,536
29.186,517
29.206,511
29.226,489
29.246,489
29.266,526
29.286,524
29.306,506
29.326,500
29.346,530
29.366,545
29.386,511
29.406,523
29.426,493
29.446,511
29.466,464
29.486,480
29.506,443
29.526,438
29.546,478
29.566,452
29.586,500
29.606,461
29.627,477
29.647,475
29.667,493
29.687,508
29.707,442
29.727,439
29.747,417
29.767,440
29.787,440
29.807,480
29.827,450
29.847,455
29.867,405
29.887,450
29.907,474
29.927,438
29.947,430
29.967,405
29.987,475
30.007,437
30.027,389
30.047,436
30.068,433
30.088,406
30.108,409
30.128,455
30.148,407
30.168,405
30.188,430
30.208,427
30.228,422
30.248,379
30.268,462
30.288,411
30.308,414
30.328,388
30.348,414
30.368,419
30.388,397
30.408,387
30.428,402
30.448,391
30.468,423
30.488,428
30.508,363
30.529,376
30.549,409
30.569,412
30.589,395
30.609,380
30.629,353
30.649,362
30.669,363
30.689,373
30.709,386
30.729,395
30.749,377
30.769,346
30.789,345
30.809,382
30.829,332
30.849,357
30.869,324
30.889,340
30.909,334
30.929,382
30.949,316
30.97,338
30.99,404
31.01,336
31.03,335
31.05,342
31.07,341
31.09,340
31.11,353
31.13,316
31.15,325
31.17,289
31.19,334
31.21,315
31.23,307
31.25,329
31.27,316
31.29,320
31.31,334
31.33,274
31.35,303
31.37,316
31.39,334
31.411,316
31.431,309
31.451,330
31.471,295
31.491,273
31.511,278
31.531,310
31.551,283
31.571,270
31.591,286
31.611,299
31.631,297
31.651,295
31.671,295
31.691,276
31.711,266
31.731,297
31.751,289
31.771,282
31.791,281
31.811,280
31.831,258
31.852,270
31.872,277
31.892,272
31.912,260
31.932,258
31.952,296
31.972,245
31.992,260
32.012,259
32.032,235
32.052,269
32.072,254
32.092,256
32.112,237
32.132,252
32.152,238
32.172,217
32.192,227
32.212,242
32.232,234
32.252,225
32.272,212
32.292,211
32.313,226
32.333,247
32.353,245
32.373,226
32.393,236
32.413,220
32.433,221
32.453,225
32.473,217
32.493,227
32.513,235
32.533,206
32.553,195
32.573,203
32.593,197
32.613,209
32.633,214
32.653,224
32.673,181
32.693,214
32.713,200
32.733,186
32.754,188
32.774,190
32.794,204
32.814,192
32.834,222
32.854,210
32.874,216
32.894,177
32.914,197
32.934,177
32.954,156
32.974,185
32.994,179
33.014,174
33.034,189
33.054,190
33.074,173
33.094,184
33.114,166
33.134,175
33.154,188
33.174,191
33.195,168
33.215,147
33.235,154
33.255,160
33.275,156
33.295,183
33.315,145
33.335,156
33.355,172
33.375,172
33.395,147
33.415,152
33.435,157
33.455,141
33.475,148
33.495,131
33.515,154
33.535,136
33.555,145
33.575,149
33.595,136
33.615,123
33.636,133
33.656,140
33.676,149
33.696,141
33.716,122
33.736,116
33.756,108
33.776,129
33.796,125
33.816,143
33.836,118
33.856,122
33.876,123
33.896,136
33.916,136
33.936,123
33.956,137
33.976,125
33.996,118
34.016,111
34.036,109
34.056,112
34.076,123
34.097,106
34.117,105
34.137,116
34.157,105
34.177,106
34.197,104
34.217,110
34.237,108
34.257,105
34.277,103
34.297,105
34.317,100
34.337,95
34.357,83
34.377,92
34.397,92
34.417,97
34.437,78
34.457,89
34.477,62
34.497,84
34.517,76
34.538,46
34.558,84
34.578,70
34.598,68
34.618,94
34.638,60
34.658,79
34.678,79
34.698,72
34.718,67
34.738,71
34.758,65
34.778,70
34.798,75
34.818,80
34.838,60
34.858,64
34.878,51
34.898,69
34.918,64
34.938,48
34.958,53
34.979,63
34.999,58
35.019,49
35.039,52
35.059,48
35.079,54
35.099,44
35.119,54
35.139,51
35.159,44
35.179,43
35.199,41
35.219,41
35.239,46
35.259,45
35.279,44
35.299,39
35.319,40
35.339,42
35.359,42
35.379,45
35.399,36
35.42,42
35.44,38
35.46,23
35.48,21
35.5,28
35.52,29
35.54,33
35.56,26
35.58,37
35.6,37
35.62,37
35.64,27
35.66,24
35.68,26
35.7,20
35.72,27
35.74,21
35.76,25
35.78,34
35.8,24
35.82,20
35.84,21
35.861,22
35.881,24
35.901,18
35.921,20
35.941,20
35.961,17
35.981,22
36.001,19
36.021,18
36.041,24
36.061,20
36.081,14
36.101,15
36.121,19
36.141,18
36.161,15
36.181,16
36.201,13
36.221,15
36.241,15
36.261,10
36.281,20
36.301,15
36.322,14
36.342,12
36.362,17
36.382,8
36.402,16
36.422,16
36.442,11
36.462,17
36.482,12
36.502,15
36.522,12
36.542,10
36.562,14
36.582,13
36.602,10
36.622,7
36.642,13
36.662,11
36.682,8
36.702,12
36.722,8
36.742,8
36.763,6
36.783,11
36.803,13
36.823,10
36.843,7
36.863,15
36.883,13
36.903,13
36.923,13
36.943,10
36.963,5
36.983,13
37.003,8
37.023,8
37.043,4
37.063,10
37.083,8
37.103,11
37.123,11
37.143,11
37.163,4
37.183,8
37.204,11
37.224,9
37.244,8
37.264,8
37.284,9
37.304,8
37.324,9
37.344,5
37.364,9
37.384,10
37.404,3
37.424,9
37.444,7
37.464,6
37.484,8
37.504,9
37.524,9
37.544,8
37.564,7
37.584,17
37.604,9
37.624,10
37.645,11
37.665,10
37.685,7
37.705,5
37.725,6
37.745,7
37.765,11
37.785,5
37.805,11
37.825,7
37.845,4
37.865,7
37.885,7
37.905,11
37.925,4
37.945,14
37.965,3
37.985,14
38.005,9
38.025,11
38.045,10
38.065,10
38.086,5
38.106,9
38.126,6
38.146,7
38.166,4
38.186,8
38.206,5
38.226,5
38.246,6
38.266,7
38.286,4
38.306,7
38.326,4
38.346,6
38.366,4
38.386,5
38.406,8
38.426,7
38.446,7
38.466,4
38.486,3
38.506,2
38.526,7
38.547,4
38.567,3
38.587,3
38.607,3
38.627,6
38.647,4
38.667,4
38.687,8
38.707,3
38.727,1
38.747,9
38.767,2
38.787,3
38.807,4
38.827,7
38.847,1
38.867,4
38.887,4
38.907,7
38.927,5
38.947,4
38.967,4
38.988,9
39.008,2
39.028,4
39.048,4
39.068,8
39.088,1
39.108,5
39.128,4
39.148,5
39.168,3
39.188,8
39.208,5
39.228,2
39.248,1
39.268,4
39.288,8
39.308,6
39.328,7
39.348,2
39.368,3
39.388,6
39.408,6
39.429,4
39.449,3
39.469,3
39.489,2
39.509,2
39.529,2
39.549,4
39.569,8
39.589,2
39.609,2
39.629,3
39.649,2
39.669,4
39.689,2
39.709,2
39.729,5
39.749,0
39.769,3
39.789,5
39.809,2
39.829,1
39.849,2
39.87,4
39.89,6
39.91,4
39.93,2
39.95,4
39.97,2
39.99,4
40.01,5
40.03,8
40.05,6
40.07,3
40.09,0
40.11,0
40.13,3
40.15,4
40.17,4
40.19,0
40.21,1
40.23,5
40.25,3
40.27,3
40.29,1
40.31,1
40.331,6
40.351,4
40.371,4
40.391,1
40.411,1
40.431,4
40.451,5
40.471,1
40.491,2
40.511,3
40.531,5
40.551,3
40.571,4
40.591,5
40.611,1
40.631,3
40.651,1
40.671,6
40.691,3
40.711,0
40.731,3
40.751,1
40.772,3
40.792,4
40.812,3
40.832,2
40.852,4
40.872,0
40.892,2
40.912,5
40.932,0
40.952,2
40.972,1
40.992,4
41.012,1
41.032,3
